Departamento;Provincia;Distrito;P69_2_T;P70A_1_1;P70A_2_1;P70A_3_1;P70A_4_1;P70A_5_1
AMAZONAS;CHACHAPOYAS;CHACHAPOYAS;16;1;7;0; ; 
AMAZONAS;CHACHAPOYAS;ASUNCION; ; ; ; ; ; 
AMAZONAS;CHACHAPOYAS;BALSAS; ; ; ; ; ; 
AMAZONAS;CHACHAPOYAS;CHETO; ; ; ; ; ; 
AMAZONAS;CHACHAPOYAS;CHILIQUIN; ; ; ; ; ; 
AMAZONAS;CHACHAPOYAS;CHUQUIBAMBA; ; ; ; ; ; 
AMAZONAS;CHACHAPOYAS;GRANADA; ; ; ; ; ; 
AMAZONAS;CHACHAPOYAS;HUANCAS; ; ; ; ; ; 
AMAZONAS;CHACHAPOYAS;LA JALCA; ; ; ; ; ; 
AMAZONAS;CHACHAPOYAS;LEIMEBAMBA; ; ; ; ; ; 
AMAZONAS;CHACHAPOYAS;LEVANTO; ; ; ; ; ; 
AMAZONAS;CHACHAPOYAS;MAGDALENA; ; ; ; ; ; 
AMAZONAS;CHACHAPOYAS;MARISCAL CASTILLA; ; ; ; ; ; 
AMAZONAS;CHACHAPOYAS;MOLINOPAMPA; ; ; ; ; ; 
AMAZONAS;CHACHAPOYAS;MONTEVIDEO; ; ; ; ; ; 
AMAZONAS;CHACHAPOYAS;OLLEROS; ; ; ; ; ; 
AMAZONAS;CHACHAPOYAS;QUINJALCA; ; ; ; ; ; 
AMAZONAS;CHACHAPOYAS;SAN FRANCISCO DE DAGUAS; ; ; ; ; ; 
AMAZONAS;CHACHAPOYAS;SAN ISIDRO DE MAINO; ; ; ; ; ; 
AMAZONAS;CHACHAPOYAS;SOLOCO; ; ; ; ; ; 
AMAZONAS;CHACHAPOYAS;SONCHE; ; ; ; ; ; 
AMAZONAS;BAGUA;BAGUA;16;0;7;0; ; 
AMAZONAS;BAGUA;ARAMANGO; ; ; ; ; ; 
AMAZONAS;BAGUA;COPALLIN; ; ; ; ; ; 
AMAZONAS;BAGUA;EL PARCO; ; ; ; ; ; 
AMAZONAS;BAGUA;IMAZA; ; ; ; ; ; 
AMAZONAS;BAGUA;LA PECA; ; ; ; ; ; 
AMAZONAS;BONGARA;JUMBILLA; ; ; ; ; ; 
AMAZONAS;BONGARA;CHISQUILLA; ; ; ; ; ; 
AMAZONAS;BONGARA;CHURUJA; ; ; ; ; ; 
AMAZONAS;BONGARA;COROSHA; ; ; ; ; ; 
AMAZONAS;BONGARA;CUISPES; ; ; ; ; ; 
AMAZONAS;BONGARA;FLORIDA; ; ; ; ; ; 
AMAZONAS;BONGARA;JAZAN; ; ; ; ; ; 
AMAZONAS;BONGARA;RECTA; ; ; ; ; ; 
AMAZONAS;BONGARA;SAN CARLOS; ; ; ; ; ; 
AMAZONAS;BONGARA;SHIPASBAMBA; ; ; ; ; ; 
AMAZONAS;BONGARA;VALERA; ; ; ; ; ; 
AMAZONAS;BONGARA;YAMBRASBAMBA; ; ; ; ; ; 
AMAZONAS;CONDORCANQUI;NIEVA; ; ; ; ; ; 
AMAZONAS;CONDORCANQUI;EL CENEPA;3;0; ;0; ; 
AMAZONAS;CONDORCANQUI;RIO SANTIAGO; ; ; ; ; ; 
AMAZONAS;LUYA;LAMUD; ; ; ; ; ; 
AMAZONAS;LUYA;CAMPORREDONDO; ; ; ; ; ; 
AMAZONAS;LUYA;COCABAMBA; ; ; ; ; ; 
AMAZONAS;LUYA;COLCAMAR; ; ; ; ; ; 
AMAZONAS;LUYA;CONILA; ; ; ; ; ; 
AMAZONAS;LUYA;INGUILPATA; ; ; ; ; ; 
AMAZONAS;LUYA;LONGUITA; ; ; ; ; ; 
AMAZONAS;LUYA;LONYA CHICO; ; ; ; ; ; 
AMAZONAS;LUYA;LUYA; ; ; ; ; ; 
AMAZONAS;LUYA;LUYA VIEJO; ; ; ; ; ; 
AMAZONAS;LUYA;MARIA; ; ; ; ; ; 
AMAZONAS;LUYA;OCALLI; ; ; ; ; ; 
AMAZONAS;LUYA;OCUMAL; ; ; ; ; ; 
AMAZONAS;LUYA;PISUQUIA; ; ; ; ; ; 
AMAZONAS;LUYA;PROVIDENCIA; ; ; ; ; ; 
AMAZONAS;LUYA;SAN CRISTOBAL; ; ; ; ; ; 
AMAZONAS;LUYA;SAN FRANCISCO DEL YESO; ; ; ; ; ; 
AMAZONAS;LUYA;SAN JERONIMO; ; ; ; ; ; 
AMAZONAS;LUYA;SAN JUAN DE LOPECANCHA; ; ; ; ; ; 
AMAZONAS;LUYA;SANTA CATALINA; ; ; ; ; ; 
AMAZONAS;LUYA;SANTO TOMAS; ; ; ; ; ; 
AMAZONAS;LUYA;TINGO; ; ; ; ; ; 
AMAZONAS;LUYA;TRITA; ; ; ; ; ; 
AMAZONAS;RODRIGUEZ DE MENDOZA;SAN NICOLAS; ; ; ; ; ; 
AMAZONAS;RODRIGUEZ DE MENDOZA;CHIRIMOTO; ; ; ; ; ; 
AMAZONAS;RODRIGUEZ DE MENDOZA;COCHAMAL; ; ; ; ; ; 
AMAZONAS;RODRIGUEZ DE MENDOZA;HUAMBO; ; ; ; ; ; 
AMAZONAS;RODRIGUEZ DE MENDOZA;LIMABAMBA; ; ; ; ; ; 
AMAZONAS;RODRIGUEZ DE MENDOZA;LONGAR; ; ; ; ; ; 
AMAZONAS;RODRIGUEZ DE MENDOZA;MARISCAL BENAVIDES; ; ; ; ; ; 
AMAZONAS;RODRIGUEZ DE MENDOZA;MILPUC; ; ; ; ; ; 
AMAZONAS;RODRIGUEZ DE MENDOZA;OMIA; ; ; ; ; ; 
AMAZONAS;RODRIGUEZ DE MENDOZA;SANTA ROSA; ; ; ; ; ; 
AMAZONAS;RODRIGUEZ DE MENDOZA;TOTORA; ; ; ; ; ; 
AMAZONAS;RODRIGUEZ DE MENDOZA;VISTA ALEGRE; ; ; ; ; ; 
AMAZONAS;UTCUBAMBA;BAGUA GRANDE;30;3;4;0; ; 
AMAZONAS;UTCUBAMBA;CAJARURO;12;1;1;0; ; 
AMAZONAS;UTCUBAMBA;CUMBA; ; ; ; ; ; 
AMAZONAS;UTCUBAMBA;EL MILAGRO; ; ; ; ; ; 
AMAZONAS;UTCUBAMBA;JAMALCA; ; ; ; ; ; 
AMAZONAS;UTCUBAMBA;LONYA GRANDE; ; ; ; ; ; 
AMAZONAS;UTCUBAMBA;YAMON; ; ; ; ; ; 
ANCASH;HUARAZ;HUARAZ;46;6;18;12; ; 
ANCASH;HUARAZ;COCHABAMBA;3;0; ;0;1; 
ANCASH;HUARAZ;COLCABAMBA;3;0;2;0; ; 
ANCASH;HUARAZ;HUANCHAY;10; ; ; ; ; 
ANCASH;HUARAZ;INDEPENDENCIA;39;5;12;0; ; 
ANCASH;HUARAZ;JANGAS;4;0;2;0; ; 
ANCASH;HUARAZ;LA LIBERTAD;5;0;2;0; ; 
ANCASH;HUARAZ;OLLEROS; ; ; ; ; ; 
ANCASH;HUARAZ;PAMPAS GRANDE; ; ; ; ; ; 
ANCASH;HUARAZ;PARIACOTO;12;2;5;0; ; 
ANCASH;HUARAZ;PIRA;8;1;3;0; ; 
ANCASH;HUARAZ;TARICA;7;1; ;0; ; 
ANCASH;AIJA;AIJA; ; ; ; ; ; 
ANCASH;AIJA;CORIS;4;0;1;0; ; 
ANCASH;AIJA;HUACLLAN; ; ; ; ; ; 
ANCASH;AIJA;LA MERCED;2;1;1;0; ; 
ANCASH;AIJA;SUCCHA; ; ; ; ; ; 
ANCASH;ANTONIO RAYMONDI;LLAMELLIN;2;0; ;0; ; 
ANCASH;ANTONIO RAYMONDI;ACZO;1;1; ;0; ; 
ANCASH;ANTONIO RAYMONDI;CHACCHO; ; ; ; ; ; 
ANCASH;ANTONIO RAYMONDI;CHINGAS; ; ; ; ; ; 
ANCASH;ANTONIO RAYMONDI;MIRGAS;1;0; ;0; ; 
ANCASH;ANTONIO RAYMONDI;SAN JUAN DE RONTOY; ; ; ; ; ; 
ANCASH;ASUNCION;CHACAS;8;0;1;0; ; 
ANCASH;ASUNCION;ACOCHACA;8;0; ;0; ; 
ANCASH;BOLOGNESI;CHIQUIAN;2;0; ;0; ; 
ANCASH;BOLOGNESI;ABELARDO PARDO LEZAMETA; ; ; ; ; ; 
ANCASH;BOLOGNESI;ANTONIO RAYMONDI; ; ; ; ; ; 
ANCASH;BOLOGNESI;AQUIA; ; ; ; ; ; 
ANCASH;BOLOGNESI;CAJACAY;5;1; ;0; ; 
ANCASH;BOLOGNESI;CANIS; ; ; ; ; ; 
ANCASH;BOLOGNESI;COLQUIOC; ; ; ; ; ; 
ANCASH;BOLOGNESI;HUALLANCA;9;0; ;0; ; 
ANCASH;BOLOGNESI;HUASTA; ; ; ; ; ; 
ANCASH;BOLOGNESI;HUAYLLACAYAN; ; ; ; ; ; 
ANCASH;BOLOGNESI;LA PRIMAVERA; ; ; ; ; ; 
ANCASH;BOLOGNESI;MANGAS; ; ; ; ; ; 
ANCASH;BOLOGNESI;PACLLON; ; ; ; ; ; 
ANCASH;BOLOGNESI;SAN MIGUEL DE CORPANQUI; ; ; ; ; ; 
ANCASH;BOLOGNESI;TICLLOS; ; ; ; ; ; 
ANCASH;CARHUAZ;CARHUAZ;16;1;5;0; ; 
ANCASH;CARHUAZ;ACOPAMPA;4;1;2;0; ; 
ANCASH;CARHUAZ;AMASHCA; ; ; ; ; ; 
ANCASH;CARHUAZ;ANTA; ; ; ; ; ; 
ANCASH;CARHUAZ;ATAQUERO; ; ; ; ; ; 
ANCASH;CARHUAZ;MARCARA;7;2; ;0; ; 
ANCASH;CARHUAZ;PARIAHUANCA; ; ; ; ; ; 
ANCASH;CARHUAZ;SAN MIGUEL DE ACO; ; ; ; ; ; 
ANCASH;CARHUAZ;SHILLA; ; ; ; ; ; 
ANCASH;CARHUAZ;TINCO; ; ; ; ; ; 
ANCASH;CARHUAZ;YUNGAR;1;1; ;0; ; 
ANCASH;CARLOS FERMIN FITZCARRALD;SAN LUIS;10;1; ;0; ; 
ANCASH;CARLOS FERMIN FITZCARRALD;SAN NICOLAS;16;0; ;0; ; 
ANCASH;CARLOS FERMIN FITZCARRALD;YAUYA;4;0; ;0; ; 
ANCASH;CASMA;CASMA;41;3;8;0; ; 
ANCASH;CASMA;BUENA VISTA ALTA;12;1;2;0; ; 
ANCASH;CASMA;COMANDANTE NOEL; ; ; ; ; ; 
ANCASH;CASMA;YAUTAN;9;1;3;0; ; 
ANCASH;CORONGO;CORONGO; ; ; ; ; ; 
ANCASH;CORONGO;ACO; ; ; ; ; ; 
ANCASH;CORONGO;BAMBAS; ; ; ; ; ; 
ANCASH;CORONGO;CUSCA;4; ; ; ; ; 
ANCASH;CORONGO;LA PAMPA;1;1;1;0; ; 
ANCASH;CORONGO;YANAC; ; ; ; ; ; 
ANCASH;CORONGO;YUPAN; ; ; ; ; ; 
ANCASH;HUARI;HUARI;27;2;6;0; ; 
ANCASH;HUARI;ANRA; ; ; ; ; ; 
ANCASH;HUARI;CAJAY;4;2;2;0; ; 
ANCASH;HUARI;CHAVIN DE HUANTAR;14;1;2;0; ; 
ANCASH;HUARI;HUACACHI;4;2;2;2;2; 
ANCASH;HUARI;HUACCHIS; ; ; ; ; ; 
ANCASH;HUARI;HUACHIS;8;0;2;0; ; 
ANCASH;HUARI;HUANTAR;6; ; ; ; ; 
ANCASH;HUARI;MASIN;6;0;2;0; ; 
ANCASH;HUARI;PAUCAS; ; ; ; ; ; 
ANCASH;HUARI;PONTO;2;2; ;0; ; 
ANCASH;HUARI;RAHUAPAMPA; ; ; ; ; ; 
ANCASH;HUARI;RAPAYAN;2;0;3;0; ; 
ANCASH;HUARI;SAN MARCOS;25;0; ;0; ; 
ANCASH;HUARI;SAN PEDRO DE CHANA;12;0;3;1; ; 
ANCASH;HUARI;UCO;3; ; ; ; ; 
ANCASH;HUARMEY;HUARMEY;23;3;6;2; ; 
ANCASH;HUARMEY;COCHAPETI; ; ; ; ; ; 
ANCASH;HUARMEY;CULEBRAS;4;0;2;0; ; 
ANCASH;HUARMEY;HUAYAN; ; ; ; ; ; 
ANCASH;HUARMEY;MALVAS; ; ; ; ; ; 
ANCASH;HUAYLAS;CARAZ;22;3;9;0; ; 
ANCASH;HUAYLAS;HUALLANCA;3;0;2;0; ; 
ANCASH;HUAYLAS;HUATA;5;1;2;0; ; 
ANCASH;HUAYLAS;HUAYLAS;1;1; ;0; ; 
ANCASH;HUAYLAS;MATO;2;0; ;0; ; 
ANCASH;HUAYLAS;PAMPAROMAS;9; ; ; ; ; 
ANCASH;HUAYLAS;PUEBLO LIBRE;3;0;2;0; ; 
ANCASH;HUAYLAS;SANTA CRUZ;8;0; ;1; ; 
ANCASH;HUAYLAS;SANTO TORIBIO; ; ; ; ; ; 
ANCASH;HUAYLAS;YURACMARCA;3;0;2;0; ; 
ANCASH;MARISCAL LUZURIAGA;PISCOBAMBA;5;0; ;0; ; 
ANCASH;MARISCAL LUZURIAGA;CASCA;2; ; ; ; ; 
ANCASH;MARISCAL LUZURIAGA;ELEAZAR GUZMAN BARRON; ; ; ; ; ; 
ANCASH;MARISCAL LUZURIAGA;FIDEL OLIVAS ESCUDERO; ; ; ; ; ; 
ANCASH;MARISCAL LUZURIAGA;LLAMA; ; ; ; ; ; 
ANCASH;MARISCAL LUZURIAGA;LLUMPA;3;0; ;0; ; 
ANCASH;MARISCAL LUZURIAGA;LUCMA; ; ; ; ; ; 
ANCASH;MARISCAL LUZURIAGA;MUSGA;1;0; ;0; ; 
ANCASH;OCROS;OCROS; ; ; ; ; ; 
ANCASH;OCROS;ACAS;4;1; ;0; ; 
ANCASH;OCROS;CAJAMARQUILLA; ; ; ; ; ; 
ANCASH;OCROS;CARHUAPAMPA; ; ; ; ; ; 
ANCASH;OCROS;COCHAS; ; ; ; ; ; 
ANCASH;OCROS;CONGAS; ; ; ; ; ; 
ANCASH;OCROS;LLIPA; ; ; ; ; ; 
ANCASH;OCROS;SAN CRISTOBAL DE RAJAN; ; ; ; ; ; 
ANCASH;OCROS;SAN PEDRO; ; ; ; ; ; 
ANCASH;OCROS;SANTIAGO DE CHILCAS; ; ; ; ; ; 
ANCASH;PALLASCA;CABANA;16;0;1;0; ; 
ANCASH;PALLASCA;BOLOGNESI;3;0; ;0; ; 
ANCASH;PALLASCA;CONCHUCOS;17;1;1;0; ; 
ANCASH;PALLASCA;HUACASCHUQUE; ; ; ; ; ; 
ANCASH;PALLASCA;HUANDOVAL;24; ; ; ; ; 
ANCASH;PALLASCA;LACABAMBA;10;0; ;0; ; 
ANCASH;PALLASCA;LLAPO;2; ; ; ; ; 
ANCASH;PALLASCA;PALLASCA; ; ; ; ; ; 
ANCASH;PALLASCA;PAMPAS;20;0;1;0; ; 
ANCASH;PALLASCA;SANTA ROSA; ; ; ; ; ; 
ANCASH;PALLASCA;TAUCA;4;1; ;0; ; 
ANCASH;POMABAMBA;POMABAMBA;9;0;3;0; ; 
ANCASH;POMABAMBA;HUAYLLAN; ; ; ; ; ; 
ANCASH;POMABAMBA;PAROBAMBA; ; ; ; ; ; 
ANCASH;POMABAMBA;QUINUABAMBA;8; ; ; ; ; 
ANCASH;RECUAY;RECUAY;8;1; ;0; ; 
ANCASH;RECUAY;CATAC;3;1; ;0; ; 
ANCASH;RECUAY;COTAPARACO; ; ; ; ; ; 
ANCASH;RECUAY;HUAYLLAPAMPA; ; ; ; ; ; 
ANCASH;RECUAY;LLACLLIN;4; ; ; ; ; 
ANCASH;RECUAY;MARCA;3;0;1;0; ; 
ANCASH;RECUAY;PAMPAS CHICO; ; ; ; ; ; 
ANCASH;RECUAY;PARARIN; ; ; ; ; ; 
ANCASH;RECUAY;TAPACOCHA;1;0;1;0; ; 
ANCASH;RECUAY;TICAPAMPA;1;0;2;0; ; 
ANCASH;SANTA;CHIMBOTE;232;21;10;0; ; 
ANCASH;SANTA;CACERES DEL PERU;7;0;2;0; ; 
ANCASH;SANTA;COISHCO;15;3;3;0; ; 
ANCASH;SANTA;MACATE; ; ; ; ; ; 
ANCASH;SANTA;MORO;16;3;2;0; ; 
ANCASH;SANTA;NEPENA;41;3; ;0; ; 
ANCASH;SANTA;SAMANCO;12;1; ;0; ; 
ANCASH;SANTA;SANTA;25;3;2;2; ; 
ANCASH;SANTA;NUEVO CHIMBOTE;48;12;9;5;1; 
ANCASH;SIHUAS;SIHUAS;4;1; ;0; ; 
ANCASH;SIHUAS;ACOBAMBA; ; ; ; ; ; 
ANCASH;SIHUAS;ALFONSO UGARTE; ; ; ; ; ; 
ANCASH;SIHUAS;CASHAPAMPA; ; ; ; ; ; 
ANCASH;SIHUAS;CHINGALPO; ; ; ; ; ; 
ANCASH;SIHUAS;HUAYLLABAMBA; ; ; ; ; ; 
ANCASH;SIHUAS;QUICHES; ; ; ; ; ; 
ANCASH;SIHUAS;RAGASH; ; ; ; ; ; 
ANCASH;SIHUAS;SAN JUAN; ; ; ; ; ; 
ANCASH;SIHUAS;SICSIBAMBA; ; ; ; ; ; 
ANCASH;YUNGAY;YUNGAY;33;2;7;0; ; 
ANCASH;YUNGAY;CASCAPARA; ; ; ; ; ; 
ANCASH;YUNGAY;MANCOS;8;0;2;0; ; 
ANCASH;YUNGAY;MATACOTO; ; ; ; ; ; 
ANCASH;YUNGAY;QUILLO;13;0; ;0; ; 
ANCASH;YUNGAY;RANRAHIRCA; ; ; ; ; ; 
ANCASH;YUNGAY;SHUPLUY; ; ; ; ; ; 
ANCASH;YUNGAY;YANAMA;4;0; ;0; ; 
APURIMAC;ABANCAY;ABANCAY;20;3; ;0; ; 
APURIMAC;ABANCAY;CHACOCHE; ; ; ; ; ; 
APURIMAC;ABANCAY;CIRCA; ; ; ; ; ; 
APURIMAC;ABANCAY;CURAHUASI;2;1;4;0; ; 
APURIMAC;ABANCAY;HUANIPACA; ; ; ; ; ; 
APURIMAC;ABANCAY;LAMBRAMA; ; ; ; ; ; 
APURIMAC;ABANCAY;PICHIRHUA;1;1; ;0; ; 
APURIMAC;ABANCAY;SAN PEDRO DE CACHORA; ; ; ; ; ; 
APURIMAC;ABANCAY;TAMBURCO;3;2;3;0; ; 
APURIMAC;ANDAHUAYLAS;ANDAHUAYLAS;32;4;5;0; ; 
APURIMAC;ANDAHUAYLAS;ANDARAPA; ; ; ; ; ; 
APURIMAC;ANDAHUAYLAS;CHIARA; ; ; ; ; ; 
APURIMAC;ANDAHUAYLAS;HUANCARAMA;2;1; ;0; ; 
APURIMAC;ANDAHUAYLAS;HUANCARAY; ; ; ; ; ; 
APURIMAC;ANDAHUAYLAS;HUAYANA; ; ; ; ; ; 
APURIMAC;ANDAHUAYLAS;KISHUARA; ; ; ; ; ; 
APURIMAC;ANDAHUAYLAS;PACOBAMBA; ; ; ; ; ; 
APURIMAC;ANDAHUAYLAS;PACUCHA; ; ; ; ; ; 
APURIMAC;ANDAHUAYLAS;PAMPACHIRI; ; ; ; ; ; 
APURIMAC;ANDAHUAYLAS;POMACOCHA; ; ; ; ; ; 
APURIMAC;ANDAHUAYLAS;SAN ANTONIO DE CACHI; ; ; ; ; ; 
APURIMAC;ANDAHUAYLAS;SAN JERONIMO;6;1; ;0; ; 
APURIMAC;ANDAHUAYLAS;SAN MIGUEL DE CHACCRAMPA; ; ; ; ; ; 
APURIMAC;ANDAHUAYLAS;SANTA MARIA DE CHICMO; ; ; ; ; ; 
APURIMAC;ANDAHUAYLAS;TALAVERA;4;1;2;0; ; 
APURIMAC;ANDAHUAYLAS;TUMAY HUARACA; ; ; ; ; ; 
APURIMAC;ANDAHUAYLAS;TURPO; ; ; ; ; ; 
APURIMAC;ANDAHUAYLAS;KAQUIABAMBA; ; ; ; ; ; 
APURIMAC;ANDAHUAYLAS;JOSE MARIA ARGUEDAS; ; ; ; ; ; 
APURIMAC;ANTABAMBA;ANTABAMBA; ; ; ; ; ; 
APURIMAC;ANTABAMBA;EL ORO; ; ; ; ; ; 
APURIMAC;ANTABAMBA;HUAQUIRCA; ; ; ; ; ; 
APURIMAC;ANTABAMBA;JUAN ESPINOZA MEDRANO;1;1; ;0; ; 
APURIMAC;ANTABAMBA;OROPESA; ; ; ; ; ; 
APURIMAC;ANTABAMBA;PACHACONAS; ; ; ; ; ; 
APURIMAC;ANTABAMBA;SABAINO; ; ; ; ; ; 
APURIMAC;AYMARAES;CHALHUANCA;10;1;1;0; ; 
APURIMAC;AYMARAES;CAPAYA; ; ; ; ; ; 
APURIMAC;AYMARAES;CARAYBAMBA; ; ; ; ; ; 
APURIMAC;AYMARAES;CHAPIMARCA; ; ; ; ; ; 
APURIMAC;AYMARAES;COLCABAMBA; ; ; ; ; ; 
APURIMAC;AYMARAES;COTARUSE; ; ; ; ; ; 
APURIMAC;AYMARAES;IHUAYLLO; ; ; ; ; ; 
APURIMAC;AYMARAES;JUSTO APU SAHUARAURA; ; ; ; ; ; 
APURIMAC;AYMARAES;LUCRE;2; ; ; ; ; 
APURIMAC;AYMARAES;POCOHUANCA;1;0; ;1; ; 
APURIMAC;AYMARAES;SAN JUAN DE CHACNA; ; ; ; ; ; 
APURIMAC;AYMARAES;SANAYCA; ; ; ; ; ; 
APURIMAC;AYMARAES;SORAYA; ; ; ; ; ; 
APURIMAC;AYMARAES;TAPAIRIHUA; ; ; ; ; ; 
APURIMAC;AYMARAES;TINTAY; ; ; ; ; ; 
APURIMAC;AYMARAES;TORAYA; ; ; ; ; ; 
APURIMAC;AYMARAES;YANACA;2;0; ;0; ; 
APURIMAC;COTABAMBAS;TAMBOBAMBA;32;1; ;0; ; 
APURIMAC;COTABAMBAS;COTABAMBAS;7;1; ;0; ; 
APURIMAC;COTABAMBAS;COYLLURQUI;5;0; ;0;1; 
APURIMAC;COTABAMBAS;HAQUIRA;10;1;2;0; ; 
APURIMAC;COTABAMBAS;MARA; ; ; ; ; ; 
APURIMAC;COTABAMBAS;CHALLHUAHUACHO;30;2;2;0; ; 
APURIMAC;CHINCHEROS;CHINCHEROS;5;1;2;0; ; 
APURIMAC;CHINCHEROS;ANCO_HUALLO;8;1; ;0; ; 
APURIMAC;CHINCHEROS;COCHARCAS;1;0;1;0; ; 
APURIMAC;CHINCHEROS;HUACCANA; ; ; ; ; ; 
APURIMAC;CHINCHEROS;OCOBAMBA; ; ; ; ; ; 
APURIMAC;CHINCHEROS;ONGOY; ; ; ; ; ; 
APURIMAC;CHINCHEROS;URANMARCA; ; ; ; ; ; 
APURIMAC;CHINCHEROS;RANRACANCHA; ; ; ; ; ; 
APURIMAC;CHINCHEROS;ROCCHACC; ; ; ; ; ; 
APURIMAC;CHINCHEROS;EL PORVENIR; ; ; ; ; ; 
APURIMAC;CHINCHEROS;LOS CHANKAS; ; ; ; ; ; 
APURIMAC;GRAU;CHUQUIBAMBILLA;2; ; ; ; ; 
APURIMAC;GRAU;CURPAHUASI; ; ; ; ; ; 
APURIMAC;GRAU;GAMARRA; ; ; ; ; ; 
APURIMAC;GRAU;HUAYLLATI; ; ; ; ; ; 
APURIMAC;GRAU;MAMARA; ; ; ; ; ; 
APURIMAC;GRAU;MICAELA BASTIDAS; ; ; ; ; ; 
APURIMAC;GRAU;PATAYPAMPA; ; ; ; ; ; 
APURIMAC;GRAU;PROGRESO;1;0; ;0; ; 
APURIMAC;GRAU;SAN ANTONIO; ; ; ; ; ; 
APURIMAC;GRAU;SANTA ROSA; ; ; ; ; ; 
APURIMAC;GRAU;TURPAY; ; ; ; ; ; 
APURIMAC;GRAU;VILCABAMBA; ; ; ; ; ; 
APURIMAC;GRAU;VIRUNDO;12;0; ;0; ; 
APURIMAC;GRAU;CURASCO; ; ; ; ; ; 
AREQUIPA;AREQUIPA;AREQUIPA;215;39;45;0; ; 
AREQUIPA;AREQUIPA;ALTO SELVA ALEGRE;45;7;3;0; ; 
AREQUIPA;AREQUIPA;CAYMA;67;10;18;0; ; 
AREQUIPA;AREQUIPA;CERRO COLORADO;114;13;8;0; ; 
AREQUIPA;AREQUIPA;CHARACATO;4;2;3;0; ; 
AREQUIPA;AREQUIPA;CHIGUATA; ; ; ; ; ; 
AREQUIPA;AREQUIPA;JACOBO HUNTER;43;4;12;0; ; 
AREQUIPA;AREQUIPA;LA JOYA;53;5;5;0; ; 
AREQUIPA;AREQUIPA;MARIANO MELGAR;30;7;5;0; ; 
AREQUIPA;AREQUIPA;MIRAFLORES;60;13;8;0; ; 
AREQUIPA;AREQUIPA;MOLLEBAYA; ; ; ; ; ; 
AREQUIPA;AREQUIPA;PAUCARPATA;46;5; ;0; ; 
AREQUIPA;AREQUIPA;POCSI; ; ; ; ; ; 
AREQUIPA;AREQUIPA;POLOBAYA; ; ; ; ; ; 
AREQUIPA;AREQUIPA;QUEQUENA; ; ; ; ; ; 
AREQUIPA;AREQUIPA;SABANDIA; ; ; ; ; ; 
AREQUIPA;AREQUIPA;SACHACA;27;3;2;0; ; 
AREQUIPA;AREQUIPA;SAN JUAN DE SIGUAS;3;1;2;0; ; 
AREQUIPA;AREQUIPA;SAN JUAN DE TARUCANI; ; ; ; ; ; 
AREQUIPA;AREQUIPA;SANTA ISABEL DE SIGUAS; ; ; ; ; ; 
AREQUIPA;AREQUIPA;SANTA RITA DE SIGUAS;3;1;2;0; ; 
AREQUIPA;AREQUIPA;SOCABAYA;55;8; ;0; ; 
AREQUIPA;AREQUIPA;TIABAYA;11;6;2;0; ; 
AREQUIPA;AREQUIPA;UCHUMAYO;19;3;4;0; ; 
AREQUIPA;AREQUIPA;VITOR;5;1;2;0; ; 
AREQUIPA;AREQUIPA;YANAHUARA;77;8;10;0;2; 
AREQUIPA;AREQUIPA;YARABAMBA; ; ; ; ; ; 
AREQUIPA;AREQUIPA;YURA;17;8;6;0; ; 
AREQUIPA;AREQUIPA;JOSE LUIS BUSTAMANTE Y RIVERO;47;13;3;7; ; 
AREQUIPA;CAMANA;CAMANA;25;4; ;0; ; 
AREQUIPA;CAMANA;JOSE MARIA QUIMPER;3;1;2;0; ; 
AREQUIPA;CAMANA;MARIANO NICOLAS VALCARCEL;16;1; ;0; ; 
AREQUIPA;CAMANA;MARISCAL CACERES;6;2;6;0; ; 
AREQUIPA;CAMANA;NICOLAS DE PIEROLA;6;1;2;0; ; 
AREQUIPA;CAMANA;OCONA;6; ; ; ; ; 
AREQUIPA;CAMANA;QUILCA; ; ; ; ; ; 
AREQUIPA;CAMANA;SAMUEL PASTOR;3;1; ;0; ; 
AREQUIPA;CARAVELI;CARAVELI;6;1;2;0; ; 
AREQUIPA;CARAVELI;ACARI;3;0;3;0; ; 
AREQUIPA;CARAVELI;ATICO;3;0;2;0; ; 
AREQUIPA;CARAVELI;ATIQUIPA; ; ; ; ; ; 
AREQUIPA;CARAVELI;BELLA UNION;7;2; ;0; ; 
AREQUIPA;CARAVELI;CAHUACHO; ; ; ; ; ; 
AREQUIPA;CARAVELI;CHALA;10;4;4;0; ; 
AREQUIPA;CARAVELI;CHAPARRA;4;0;2;0; ; 
AREQUIPA;CARAVELI;HUANUHUANU;5;1;2;0; ; 
AREQUIPA;CARAVELI;JAQUI; ; ; ; ; ; 
AREQUIPA;CARAVELI;LOMAS; ; ; ; ; ; 
AREQUIPA;CARAVELI;QUICACHA; ; ; ; ; ; 
AREQUIPA;CARAVELI;YAUCA;1;2; ;0; ; 
AREQUIPA;CASTILLA;APLAO;3;1; ;0; ; 
AREQUIPA;CASTILLA;ANDAGUA; ; ; ; ; ; 
AREQUIPA;CASTILLA;AYO; ; ; ; ; ; 
AREQUIPA;CASTILLA;CHACHAS; ; ; ; ; ; 
AREQUIPA;CASTILLA;CHILCAYMARCA;2;0; ;0; ; 
AREQUIPA;CASTILLA;CHOCO;6;0; ;0; ; 
AREQUIPA;CASTILLA;HUANCARQUI; ; ; ; ; ; 
AREQUIPA;CASTILLA;MACHAGUAY; ; ; ; ; ; 
AREQUIPA;CASTILLA;ORCOPAMPA;9;2;4;0; ; 
AREQUIPA;CASTILLA;PAMPACOLCA; ; ; ; ; ; 
AREQUIPA;CASTILLA;TIPAN; ; ; ; ; ; 
AREQUIPA;CASTILLA;UNON; ; ; ; ; ; 
AREQUIPA;CASTILLA;URACA;3;1;2;0; ; 
AREQUIPA;CASTILLA;VIRACO; ; ; ; ; ; 
AREQUIPA;CAYLLOMA;CHIVAY;17;1;4;0; ; 
AREQUIPA;CAYLLOMA;ACHOMA;2;0;2;0; ; 
AREQUIPA;CAYLLOMA;CABANACONDE;2; ; ; ; ; 
AREQUIPA;CAYLLOMA;CALLALLI;3;1;12;0; ; 
AREQUIPA;CAYLLOMA;CAYLLOMA;5;1; ;0; ; 
AREQUIPA;CAYLLOMA;COPORAQUE;2;1; ;0; ; 
AREQUIPA;CAYLLOMA;HUAMBO; ; ; ; ; ; 
AREQUIPA;CAYLLOMA;HUANCA;2;0;2;0; ; 
AREQUIPA;CAYLLOMA;ICHUPAMPA;2;0;2;0; ; 
AREQUIPA;CAYLLOMA;LARI;2; ; ; ; ; 
AREQUIPA;CAYLLOMA;LLUTA;2;0; ;0; ; 
AREQUIPA;CAYLLOMA;MACA;2; ; ; ; ; 
AREQUIPA;CAYLLOMA;MADRIGAL; ; ; ; ; ; 
AREQUIPA;CAYLLOMA;SAN ANTONIO DE CHUCA;7;1;5;0; ; 
AREQUIPA;CAYLLOMA;SIBAYO; ; ; ; ; ; 
AREQUIPA;CAYLLOMA;TAPAY; ; ; ; ; ; 
AREQUIPA;CAYLLOMA;TISCO; ; ; ; ; ; 
AREQUIPA;CAYLLOMA;TUTI;2;0;1;0; ; 
AREQUIPA;CAYLLOMA;YANQUE;2;0;2;0; ; 
AREQUIPA;CAYLLOMA;MAJES;59;8;10;0; ; 
AREQUIPA;CONDESUYOS;CHUQUIBAMBA;3;1; ;0; ; 
AREQUIPA;CONDESUYOS;ANDARAY; ; ; ; ; ; 
AREQUIPA;CONDESUYOS;CAYARANI;2;0;2;0; ; 
AREQUIPA;CONDESUYOS;CHICHAS; ; ; ; ; ; 
AREQUIPA;CONDESUYOS;IRAY; ; ; ; ; ; 
AREQUIPA;CONDESUYOS;RIO GRANDE; ; ; ; ; ; 
AREQUIPA;CONDESUYOS;SALAMANCA; ; ; ; ; ; 
AREQUIPA;CONDESUYOS;YANAQUIHUA; ; ; ; ; ; 
AREQUIPA;ISLAY;MOLLENDO;37;3;8;0;3;2
AREQUIPA;ISLAY;COCACHACRA;16;2;7;0; ; 
AREQUIPA;ISLAY;DEAN VALDIVIA;13;2;8;0;1;1
AREQUIPA;ISLAY;ISLAY;15;1;3;0; ; 
AREQUIPA;ISLAY;MEJIA;11;0;3;0;1; 
AREQUIPA;ISLAY;PUNTA DE BOMBON;30;2;6;0;2; 
AREQUIPA;LA UNION;COTAHUASI; ; ; ; ; ; 
AREQUIPA;LA UNION;ALCA; ; ; ; ; ; 
AREQUIPA;LA UNION;CHARCANA; ; ; ; ; ; 
AREQUIPA;LA UNION;HUAYNACOTAS; ; ; ; ; ; 
AREQUIPA;LA UNION;PAMPAMARCA; ; ; ; ; ; 
AREQUIPA;LA UNION;PUYCA; ; ; ; ; ; 
AREQUIPA;LA UNION;QUECHUALLA; ; ; ; ; ; 
AREQUIPA;LA UNION;SAYLA; ; ; ; ; ; 
AREQUIPA;LA UNION;TAURIA; ; ; ; ; ; 
AREQUIPA;LA UNION;TOMEPAMPA; ; ; ; ; ; 
AREQUIPA;LA UNION;TORO; ; ; ; ; ; 
AYACUCHO;HUAMANGA;AYACUCHO;125;7;19;0; ; 
AYACUCHO;HUAMANGA;ACOCRO;5;1;2;0; ; 
AYACUCHO;HUAMANGA;ACOS VINCHOS;4;1; ;0; ; 
AYACUCHO;HUAMANGA;CARMEN ALTO;20;2;1;0; ; 
AYACUCHO;HUAMANGA;CHIARA;3;1; ;0; ; 
AYACUCHO;HUAMANGA;OCROS; ; ; ; ; ; 
AYACUCHO;HUAMANGA;PACAYCASA;1;1; ;0; ; 
AYACUCHO;HUAMANGA;QUINUA;7;1;3;0;1; 
AYACUCHO;HUAMANGA;SAN JOSE DE TICLLAS;4; ; ; ; ; 
AYACUCHO;HUAMANGA;SAN JUAN BAUTISTA;34;2;7;0; ; 
AYACUCHO;HUAMANGA;SANTIAGO DE PISCHA; ; ; ; ; ; 
AYACUCHO;HUAMANGA;SOCOS; ; ; ; ; ; 
AYACUCHO;HUAMANGA;TAMBILLO;4;0; ;0; ; 
AYACUCHO;HUAMANGA;VINCHOS;14;2;8;0; ; 
AYACUCHO;HUAMANGA;JESUS NAZARENO;31;2;6;0; ; 
AYACUCHO;HUAMANGA;ANDRES AVELINO CACERES DORREGARAY;21;2;5;0; ; 
AYACUCHO;CANGALLO;CANGALLO;3;1; ;0; ; 
AYACUCHO;CANGALLO;CHUSCHI;2;1; ;0; ; 
AYACUCHO;CANGALLO;LOS MOROCHUCOS;1;1; ;0; ; 
AYACUCHO;CANGALLO;MARIA PARADO DE BELLIDO; ; ; ; ; ; 
AYACUCHO;CANGALLO;PARAS;3;0;1;0;1; 
AYACUCHO;CANGALLO;TOTOS; ; ; ; ; ; 
AYACUCHO;HUANCA SANCOS;SANCOS;2;0;4;0; ; 
AYACUCHO;HUANCA SANCOS;CARAPO; ; ; ; ; ; 
AYACUCHO;HUANCA SANCOS;SACSAMARCA; ; ; ; ; ; 
AYACUCHO;HUANCA SANCOS;SANTIAGO DE LUCANAMARCA; ; ; ; ; ; 
AYACUCHO;HUANTA;HUANTA;22;2;5;0; ; 
AYACUCHO;HUANTA;AYAHUANCO; ; ; ; ; ; 
AYACUCHO;HUANTA;HUAMANGUILLA; ; ; ; ; ; 
AYACUCHO;HUANTA;IGUAIN;4;1;3;0; ; 
AYACUCHO;HUANTA;LURICOCHA;4;0; ;0; ; 
AYACUCHO;HUANTA;SANTILLANA;5;0; ;0; ; 
AYACUCHO;HUANTA;SIVIA;4; ; ; ; ; 
AYACUCHO;HUANTA;LLOCHEGUA;12;1;3;0; ; 
AYACUCHO;HUANTA;CANAYRE;2;1;1;0; ; 
AYACUCHO;HUANTA;UCHURACCAY; ; ; ; ; ; 
AYACUCHO;HUANTA;PUCACOLPA; ; ; ; ; ; 
AYACUCHO;HUANTA;CHACA; ; ; ; ; ; 
AYACUCHO;LA MAR;SAN MIGUEL;4;1;2;0; ; 
AYACUCHO;LA MAR;ANCO; ; ; ; ; ; 
AYACUCHO;LA MAR;AYNA;8;1; ;0; ; 
AYACUCHO;LA MAR;CHILCAS;3;0; ;0; ; 
AYACUCHO;LA MAR;CHUNGUI;1;0;1;0; ; 
AYACUCHO;LA MAR;LUIS CARRANZA; ; ; ; ; ; 
AYACUCHO;LA MAR;SANTA ROSA;8;1;2;0; ; 
AYACUCHO;LA MAR;TAMBO;10;1;1;0;1; 
AYACUCHO;LA MAR;SAMUGARI;2;0;1;0; ; 
AYACUCHO;LA MAR;ANCHIHUAY;3;0;1;0; ; 
AYACUCHO;LA MAR;ORONCCOY; ; ; ; ; ; 
AYACUCHO;LUCANAS;PUQUIO;10;2;4;6; ; 
AYACUCHO;LUCANAS;AUCARA;1;0; ;0; ; 
AYACUCHO;LUCANAS;CABANA;3;0;1;0; ; 
AYACUCHO;LUCANAS;CARMEN SALCEDO;2;1; ;0; ; 
AYACUCHO;LUCANAS;CHAVINA;2;0;1;0; ; 
AYACUCHO;LUCANAS;CHIPAO;3;0;1;0; ; 
AYACUCHO;LUCANAS;HUAC-HUAS; ; ; ; ; ; 
AYACUCHO;LUCANAS;LARAMATE; ; ; ; ; ; 
AYACUCHO;LUCANAS;LEONCIO PRADO;1; ; ; ; ; 
AYACUCHO;LUCANAS;LLAUTA; ; ; ; ; ; 
AYACUCHO;LUCANAS;LUCANAS;2;0;2;0; ; 
AYACUCHO;LUCANAS;OCANA; ; ; ; ; ; 
AYACUCHO;LUCANAS;OTOCA; ; ; ; ; ; 
AYACUCHO;LUCANAS;SAISA; ; ; ; ; ; 
AYACUCHO;LUCANAS;SAN CRISTOBAL;2;0; ;0; ; 
AYACUCHO;LUCANAS;SAN JUAN; ; ; ; ; ; 
AYACUCHO;LUCANAS;SAN PEDRO;4;0; ;0; ; 
AYACUCHO;LUCANAS;SAN PEDRO DE PALCO; ; ; ; ; ; 
AYACUCHO;LUCANAS;SANCOS;4;0; ;0; ; 
AYACUCHO;LUCANAS;SANTA ANA DE HUAYCAHUACHO;2;0; ;0; ; 
AYACUCHO;LUCANAS;SANTA LUCIA; ; ; ; ; ; 
AYACUCHO;PARINACOCHAS;CORACORA;6;1;3;0; ; 
AYACUCHO;PARINACOCHAS;CHUMPI;3;0;1;0; ; 
AYACUCHO;PARINACOCHAS;CORONEL CASTANEDA; ; ; ; ; ; 
AYACUCHO;PARINACOCHAS;PACAPAUSA;4;0;1;0; ; 
AYACUCHO;PARINACOCHAS;PULLO;2;0; ;0; ; 
AYACUCHO;PARINACOCHAS;PUYUSCA; ; ; ; ; ; 
AYACUCHO;PARINACOCHAS;SAN FRANCISCO DE RAVACAYCO; ; ; ; ; ; 
AYACUCHO;PARINACOCHAS;UPAHUACHO; ; ; ; ; ; 
AYACUCHO;PAUCAR DEL SARA SARA;PAUSA;2;1;1;1; ; 
AYACUCHO;PAUCAR DEL SARA SARA;COLTA;1;0; ;0; ; 
AYACUCHO;PAUCAR DEL SARA SARA;CORCULLA; ; ; ; ; ; 
AYACUCHO;PAUCAR DEL SARA SARA;LAMPA; ; ; ; ; ; 
AYACUCHO;PAUCAR DEL SARA SARA;MARCABAMBA; ; ; ; ; ; 
AYACUCHO;PAUCAR DEL SARA SARA;OYOLO; ; ; ; ; ; 
AYACUCHO;PAUCAR DEL SARA SARA;PARARCA; ; ; ; ; ; 
AYACUCHO;PAUCAR DEL SARA SARA;SAN JAVIER DE ALPABAMBA; ; ; ; ; ; 
AYACUCHO;PAUCAR DEL SARA SARA;SAN JOSE DE USHUA;1;4; ;0; ; 
AYACUCHO;PAUCAR DEL SARA SARA;SARA SARA;2;1; ;0; ; 
AYACUCHO;SUCRE;QUEROBAMBA;6;1; ;0; ; 
AYACUCHO;SUCRE;BELEN;1; ; ; ; ; 
AYACUCHO;SUCRE;CHALCOS; ; ; ; ; ; 
AYACUCHO;SUCRE;CHILCAYOC; ; ; ; ; ; 
AYACUCHO;SUCRE;HUACANA; ; ; ; ; ; 
AYACUCHO;SUCRE;MORCOLLA; ; ; ; ; ; 
AYACUCHO;SUCRE;PAICO; ; ; ; ; ; 
AYACUCHO;SUCRE;SAN PEDRO DE LARCAY; ; ; ; ; ; 
AYACUCHO;SUCRE;SAN SALVADOR DE QUIJE;2;1;1;0; ; 
AYACUCHO;SUCRE;SANTIAGO DE PAUCARAY; ; ; ; ; ; 
AYACUCHO;SUCRE;SORAS; ; ; ; ; ; 
AYACUCHO;VICTOR FAJARDO;HUANCAPI; ; ; ; ; ; 
AYACUCHO;VICTOR FAJARDO;ALCAMENCA; ; ; ; ; ; 
AYACUCHO;VICTOR FAJARDO;APONGO; ; ; ; ; ; 
AYACUCHO;VICTOR FAJARDO;ASQUIPATA; ; ; ; ; ; 
AYACUCHO;VICTOR FAJARDO;CANARIA; ; ; ; ; ; 
AYACUCHO;VICTOR FAJARDO;CAYARA; ; ; ; ; ; 
AYACUCHO;VICTOR FAJARDO;COLCA; ; ; ; ; ; 
AYACUCHO;VICTOR FAJARDO;HUAMANQUIQUIA; ; ; ; ; ; 
AYACUCHO;VICTOR FAJARDO;HUANCARAYLLA;4;0;1;0; ; 
AYACUCHO;VICTOR FAJARDO;HUALLA; ;2;2;0;2; 
AYACUCHO;VICTOR FAJARDO;SARHUA; ; ; ; ; ; 
AYACUCHO;VICTOR FAJARDO;VILCANCHOS; ; ; ; ; ; 
AYACUCHO;VILCAS HUAMAN;VILCAS HUAMAN;9;0;5;0;1; 
AYACUCHO;VILCAS HUAMAN;ACCOMARCA; ; ; ; ; ; 
AYACUCHO;VILCAS HUAMAN;CARHUANCA; ; ; ; ; ; 
AYACUCHO;VILCAS HUAMAN;CONCEPCION; ; ; ; ; ; 
AYACUCHO;VILCAS HUAMAN;HUAMBALPA;2; ; ; ; ; 
AYACUCHO;VILCAS HUAMAN;INDEPENDENCIA; ; ; ; ; ; 
AYACUCHO;VILCAS HUAMAN;SAURAMA; ; ; ; ; ; 
AYACUCHO;VILCAS HUAMAN;VISCHONGO; ; ; ; ; ; 
CAJAMARCA;CAJAMARCA;CAJAMARCA;202;26;20;10; ; 
CAJAMARCA;CAJAMARCA;ASUNCION; ; ; ; ; ; 
CAJAMARCA;CAJAMARCA;CHETILLA; ; ; ; ; ; 
CAJAMARCA;CAJAMARCA;COSPAN; ; ; ; ; ; 
CAJAMARCA;CAJAMARCA;ENCANADA; ; ; ; ; ; 
CAJAMARCA;CAJAMARCA;JESUS; ; ; ; ; ; 
CAJAMARCA;CAJAMARCA;LLACANORA; ; ; ; ; ; 
CAJAMARCA;CAJAMARCA;LOS BANOS DEL INCA;14;3;1;0; ; 
CAJAMARCA;CAJAMARCA;MAGDALENA; ; ; ; ; ; 
CAJAMARCA;CAJAMARCA;MATARA;5;1;1;0; ; 
CAJAMARCA;CAJAMARCA;NAMORA; ; ; ; ; ; 
CAJAMARCA;CAJAMARCA;SAN JUAN; ; ; ; ; ; 
CAJAMARCA;CAJABAMBA;CAJABAMBA;30;2;2;0; ; 
CAJAMARCA;CAJABAMBA;CACHACHI;7;1; ;0; ; 
CAJAMARCA;CAJABAMBA;CONDEBAMBA;6;1; ;0; ; 
CAJAMARCA;CAJABAMBA;SITACOCHA;5;1;1;0; ; 
CAJAMARCA;CELENDIN;CELENDIN;18;1;2;0; ; 
CAJAMARCA;CELENDIN;CHUMUCH; ; ; ; ; ; 
CAJAMARCA;CELENDIN;CORTEGANA; ; ; ; ; ; 
CAJAMARCA;CELENDIN;HUASMIN; ; ; ; ; ; 
CAJAMARCA;CELENDIN;JORGE CHAVEZ; ; ; ; ; ; 
CAJAMARCA;CELENDIN;JOSE GALVEZ; ; ; ; ; ; 
CAJAMARCA;CELENDIN;MIGUEL IGLESIAS; ; ; ; ; ; 
CAJAMARCA;CELENDIN;OXAMARCA; ; ; ; ; ; 
CAJAMARCA;CELENDIN;SOROCHUCO;4;0; ;0; ; 
CAJAMARCA;CELENDIN;SUCRE; ; ; ; ; ; 
CAJAMARCA;CELENDIN;UTCO; ; ; ; ; ; 
CAJAMARCA;CELENDIN;LA LIBERTAD DE PALLAN; ; ; ; ; ; 
CAJAMARCA;CHOTA;CHOTA;24;2;2;0; ; 
CAJAMARCA;CHOTA;ANGUIA; ; ; ; ; ; 
CAJAMARCA;CHOTA;CHADIN; ; ; ; ; ; 
CAJAMARCA;CHOTA;CHIGUIRIP; ; ; ; ; ; 
CAJAMARCA;CHOTA;CHIMBAN; ; ; ; ; ; 
CAJAMARCA;CHOTA;CHOROPAMPA; ; ; ; ; ; 
CAJAMARCA;CHOTA;COCHABAMBA; ; ; ; ; ; 
CAJAMARCA;CHOTA;CONCHAN; ; ; ; ; ; 
CAJAMARCA;CHOTA;HUAMBOS;20;0;2;0; ; 
CAJAMARCA;CHOTA;LAJAS;15;0; ;0; ; 
CAJAMARCA;CHOTA;LLAMA;4;0; ;0; ; 
CAJAMARCA;CHOTA;MIRACOSTA; ; ; ; ; ; 
CAJAMARCA;CHOTA;PACCHA; ; ; ; ; ; 
CAJAMARCA;CHOTA;PION; ; ; ; ; ; 
CAJAMARCA;CHOTA;QUEROCOTO; ; ; ; ; ; 
CAJAMARCA;CHOTA;SAN JUAN DE LICUPIS; ; ; ; ; ; 
CAJAMARCA;CHOTA;TACABAMBA;6;1; ;0; ; 
CAJAMARCA;CHOTA;TOCMOCHE; ; ; ; ; ; 
CAJAMARCA;CHOTA;CHALAMARCA; ; ; ; ; ; 
CAJAMARCA;CONTUMAZA;CONTUMAZA;4;1; ;0; ; 
CAJAMARCA;CONTUMAZA;CHILETE; ; ; ; ; ; 
CAJAMARCA;CONTUMAZA;CUPISNIQUE; ; ; ; ; ; 
CAJAMARCA;CONTUMAZA;GUZMANGO; ; ; ; ; ; 
CAJAMARCA;CONTUMAZA;SAN BENITO; ; ; ; ; ; 
CAJAMARCA;CONTUMAZA;SANTA CRUZ DE TOLED; ; ; ; ; ; 
CAJAMARCA;CONTUMAZA;TANTARICA; ; ; ; ; ; 
CAJAMARCA;CONTUMAZA;YONAN;3;1; ;0; ; 
CAJAMARCA;CUTERVO;CUTERVO;19;1;4;0; ; 
CAJAMARCA;CUTERVO;CALLAYUC; ; ; ; ; ; 
CAJAMARCA;CUTERVO;CHOROS; ; ; ; ; ; 
CAJAMARCA;CUTERVO;CUJILLO; ; ; ; ; ; 
CAJAMARCA;CUTERVO;LA RAMADA; ; ; ; ; ; 
CAJAMARCA;CUTERVO;PIMPINGOS; ; ; ; ; ; 
CAJAMARCA;CUTERVO;QUEROCOTILLO;12;0; ;0; ; 
CAJAMARCA;CUTERVO;SAN ANDRES DE CUTERVO; ; ; ; ; ; 
CAJAMARCA;CUTERVO;SAN JUAN DE CUTERVO; ; ; ; ; ; 
CAJAMARCA;CUTERVO;SAN LUIS DE LUCMA;7; ; ; ; ; 
CAJAMARCA;CUTERVO;SANTA CRUZ; ; ; ; ; ; 
CAJAMARCA;CUTERVO;SANTO DOMINGO DE LA CAPILLA; ; ; ; ; ; 
CAJAMARCA;CUTERVO;SANTO TOMAS; ; ; ; ; ; 
CAJAMARCA;CUTERVO;SOCOTA; ; ; ; ; ; 
CAJAMARCA;CUTERVO;TORIBIO CASANOVA; ; ; ; ; ; 
CAJAMARCA;HUALGAYOC;BAMBAMARCA;38;1;1;0; ; 
CAJAMARCA;HUALGAYOC;CHUGUR; ; ; ; ; ; 
CAJAMARCA;HUALGAYOC;HUALGAYOC;10;1; ;0; ; 
CAJAMARCA;JAEN;JAEN;82;4;6;0; ; 
CAJAMARCA;JAEN;BELLAVISTA;6;0;3;0; ; 
CAJAMARCA;JAEN;CHONTALI; ; ; ; ; ; 
CAJAMARCA;JAEN;COLASAY; ; ; ; ; ; 
CAJAMARCA;JAEN;HUABAL; ; ; ; ; ; 
CAJAMARCA;JAEN;LAS PIRIAS; ; ; ; ; ; 
CAJAMARCA;JAEN;POMAHUACA;2; ; ; ; ; 
CAJAMARCA;JAEN;PUCARA;5;0;1;0; ; 
CAJAMARCA;JAEN;SALLIQUE; ; ; ; ; ; 
CAJAMARCA;JAEN;SAN FELIPE; ; ; ; ; ; 
CAJAMARCA;JAEN;SAN JOSE DEL ALTO; ; ; ; ; ; 
CAJAMARCA;JAEN;SANTA ROSA; ; ; ; ; ; 
CAJAMARCA;SAN IGNACIO;SAN IGNACIO;12;1;3;0; ; 
CAJAMARCA;SAN IGNACIO;CHIRINOS;13;2;1;0; ; 
CAJAMARCA;SAN IGNACIO;HUARANGO; ; ; ; ; ; 
CAJAMARCA;SAN IGNACIO;LA COIPA;8;1; ;0; ; 
CAJAMARCA;SAN IGNACIO;NAMBALLE;24;0;1;0; ; 
CAJAMARCA;SAN IGNACIO;SAN JOSE DE LOURDES;6;0; ;0; ; 
CAJAMARCA;SAN IGNACIO;TABACONAS; ; ; ; ; ; 
CAJAMARCA;SAN MARCOS;PEDRO GALVEZ;12;1;1;0; ; 
CAJAMARCA;SAN MARCOS;CHANCAY; ; ; ; ; ; 
CAJAMARCA;SAN MARCOS;EDUARDO VILLANUEVA; ; ; ; ; ; 
CAJAMARCA;SAN MARCOS;GREGORIO PITA; ; ; ; ; ; 
CAJAMARCA;SAN MARCOS;ICHOCAN; ; ; ; ; ; 
CAJAMARCA;SAN MARCOS;JOSE MANUEL QUIROZ; ; ; ; ; ; 
CAJAMARCA;SAN MARCOS;JOSE SABOGAL; ; ; ; ; ; 
CAJAMARCA;SAN MIGUEL;SAN MIGUEL;15;0;2;0; ; 
CAJAMARCA;SAN MIGUEL;BOLIVAR; ; ; ; ; ; 
CAJAMARCA;SAN MIGUEL;CALQUIS; ; ; ; ; ; 
CAJAMARCA;SAN MIGUEL;CATILLUC; ; ; ; ; ; 
CAJAMARCA;SAN MIGUEL;EL PRADO; ; ; ; ; ; 
CAJAMARCA;SAN MIGUEL;LA FLORIDA; ; ; ; ; ; 
CAJAMARCA;SAN MIGUEL;LLAPA;10; ; ; ; ; 
CAJAMARCA;SAN MIGUEL;NANCHOC; ; ; ; ; ; 
CAJAMARCA;SAN MIGUEL;NIEPOS; ; ; ; ; ; 
CAJAMARCA;SAN MIGUEL;SAN GREGORIO; ; ; ; ; ; 
CAJAMARCA;SAN MIGUEL;SAN SILVESTRE DE COCHAN; ; ; ; ; ; 
CAJAMARCA;SAN MIGUEL;TONGOD; ; ; ; ; ; 
CAJAMARCA;SAN MIGUEL;UNION AGUA BLANCA; ; ; ; ; ; 
CAJAMARCA;SAN PABLO;SAN PABLO; ; ; ; ; ; 
CAJAMARCA;SAN PABLO;SAN BERNARDINO; ; ; ; ; ; 
CAJAMARCA;SAN PABLO;SAN LUIS; ; ; ; ; ; 
CAJAMARCA;SAN PABLO;TUMBADEN; ; ; ; ; ; 
CAJAMARCA;SANTA CRUZ;SANTA CRUZ;9;1; ;0; ; 
CAJAMARCA;SANTA CRUZ;ANDABAMBA; ; ; ; ; ; 
CAJAMARCA;SANTA CRUZ;CATACHE; ; ; ; ; ; 
CAJAMARCA;SANTA CRUZ;CHANCAYBANOS; ; ; ; ; ; 
CAJAMARCA;SANTA CRUZ;LA ESPERANZA; ; ; ; ; ; 
CAJAMARCA;SANTA CRUZ;NINABAMBA; ; ; ; ; ; 
CAJAMARCA;SANTA CRUZ;PULAN; ; ; ; ; ; 
CAJAMARCA;SANTA CRUZ;SAUCEPAMPA; ; ; ; ; ; 
CAJAMARCA;SANTA CRUZ;SEXI;4;0; ;0; ; 
CAJAMARCA;SANTA CRUZ;UTICYACU; ; ; ; ; ; 
CAJAMARCA;SANTA CRUZ;YAUYUCAN; ; ; ; ; ; 
CALLAO;CALLAO;CALLAO;246;27;28;0; ; 
CALLAO;CALLAO;BELLAVISTA;109;11;4;6;22; 
CALLAO;CALLAO;CARMEN DE LA LEGUA REYNOSO;122;10;10;0; ; 
CALLAO;CALLAO;LA PERLA;119;0;10;5; ; 
CALLAO;CALLAO;LA PUNTA;94;5;6;20; ; 
CALLAO;CALLAO;VENTANILLA;425;50;20;4;4;2
CALLAO;CALLAO;MI PERU;103;5;14;0; ; 
CUSCO;CUSCO;CUSCO;284;20;6;3; ; 
CUSCO;CUSCO;CCORCA; ; ; ; ; ; 
CUSCO;CUSCO;POROY;20;2;1;0; ; 
CUSCO;CUSCO;SAN JERONIMO;35;5;4;0; ; 
CUSCO;CUSCO;SAN SEBASTIAN;80;8;13;0; ; 
CUSCO;CUSCO;SANTIAGO;50;18;15;0; ; 
CUSCO;CUSCO;SAYLLA;6;0;8;0; ; 
CUSCO;CUSCO;WANCHAQ;53;10;5;0; ; 
CUSCO;ACOMAYO;ACOMAYO; ; ; ; ; ; 
CUSCO;ACOMAYO;ACOPIA;3;1;2;0; ; 
CUSCO;ACOMAYO;ACOS; ; ; ; ; ; 
CUSCO;ACOMAYO;MOSOC LLACTA; ; ; ; ; ; 
CUSCO;ACOMAYO;POMACANCHI;8;0;1;0; ; 
CUSCO;ACOMAYO;RONDOCAN; ; ; ; ; ; 
CUSCO;ACOMAYO;SANGARARA; ; ; ; ; ; 
CUSCO;ANTA;ANTA;8;1;2;0; ; 
CUSCO;ANTA;ANCAHUASI;12;1;2;0; ; 
CUSCO;ANTA;CACHIMAYO; ; ; ; ; ; 
CUSCO;ANTA;CHINCHAYPUJIO;6;0; ;0; ; 
CUSCO;ANTA;HUAROCONDO;6;1;1;0; ; 
CUSCO;ANTA;LIMATAMBO;9;0; ;0; ; 
CUSCO;ANTA;MOLLEPATA; ; ; ; ; ; 
CUSCO;ANTA;PUCYURA;6;2;2;0; ; 
CUSCO;ANTA;ZURITE;4;1;2;0; ; 
CUSCO;CALCA;CALCA;16;2;6;0; ; 
CUSCO;CALCA;COYA;10;0; ;0; ; 
CUSCO;CALCA;LAMAY;6;0;1;0; ; 
CUSCO;CALCA;LARES;16;1;3;0; ; 
CUSCO;CALCA;PISAC;22;1;3;0; ; 
CUSCO;CALCA;SAN SALVADOR;5;0;2;0; ; 
CUSCO;CALCA;TARAY;4;2;2;0; ; 
CUSCO;CALCA;YANATILE;8;0;3;0; ; 
CUSCO;CANAS;YANAOCA;14;1;3;0; ; 
CUSCO;CANAS;CHECCA; ; ; ; ; ; 
CUSCO;CANAS;KUNTURKANKI;8;0;2;0; ; 
CUSCO;CANAS;LANGUI;6;0;1;0; ; 
CUSCO;CANAS;LAYO;4;1;2;0; ; 
CUSCO;CANAS;PAMPAMARCA; ; ; ; ; ; 
CUSCO;CANAS;QUEHUE;4;0;1;0; ; 
CUSCO;CANAS;TUPAC AMARU;3;0; ;0; ; 
CUSCO;CANCHIS;SICUANI;28;8;8;0; ;10
CUSCO;CANCHIS;CHECACUPE;7;0;3;0; ; 
CUSCO;CANCHIS;COMBAPATA;8;0;5;0; ; 
CUSCO;CANCHIS;MARANGANI;16;1;2;0; ; 
CUSCO;CANCHIS;PITUMARCA;30;0;4;0; ; 
CUSCO;CANCHIS;SAN PABLO;12;1;2;0; ; 
CUSCO;CANCHIS;SAN PEDRO;9;1;2;1; ; 
CUSCO;CANCHIS;TINTA;10;0;2;0; ; 
CUSCO;CHUMBIVILCAS;SANTO TOMAS;16;1;2;0; ; 
CUSCO;CHUMBIVILCAS;CAPACMARCA;7;0;1;0; ; 
CUSCO;CHUMBIVILCAS;CHAMACA;14;0;2;0; ; 
CUSCO;CHUMBIVILCAS;COLQUEMARCA;5;0;1;0; ; 
CUSCO;CHUMBIVILCAS;LIVITACA;10;0; ;0; ; 
CUSCO;CHUMBIVILCAS;LLUSCO;6;0;4;0; ; 
CUSCO;CHUMBIVILCAS;QUINOTA;11; ; ; ; ; 
CUSCO;CHUMBIVILCAS;VELILLE;10;1;2;0; ; 
CUSCO;ESPINAR;ESPINAR;18;4;6;5; ; 
CUSCO;ESPINAR;CONDOROMA;5;0;2;0; ; 
CUSCO;ESPINAR;COPORAQUE;14;1;5;0; ; 
CUSCO;ESPINAR;OCORURO;6;0;3;0; ; 
CUSCO;ESPINAR;PALLPATA;10;0;2;0; ; 
CUSCO;ESPINAR;PICHIGUA;2;1;7;0; ; 
CUSCO;ESPINAR;SUYCKUTAMBO; ; ; ; ; ; 
CUSCO;ESPINAR;ALTO PICHIGUA; ; ; ; ; ; 
CUSCO;LA CONVENCION;SANTA ANA;25;4;11;0; ; 
CUSCO;LA CONVENCION;ECHARATE;30;5;10;0; ; 
CUSCO;LA CONVENCION;HUAYOPATA;4;1;2;0; ; 
CUSCO;LA CONVENCION;MARANURA;7;1;1;0; ; 
CUSCO;LA CONVENCION;OCOBAMBA;10;3;6;0; ; 
CUSCO;LA CONVENCION;QUELLOUNO;18;2;11;0; ; 
CUSCO;LA CONVENCION;KIMBIRI;35;2;8;0; ; 
CUSCO;LA CONVENCION;SANTA TERESA;26;2;16;0; ; 
CUSCO;LA CONVENCION;VILCABAMBA;7;1;2;0; ; 
CUSCO;LA CONVENCION;PICHARI;26;4;4;0; ; 
CUSCO;LA CONVENCION;INKAWASI;5;0;1;0; ; 
CUSCO;LA CONVENCION;VILLA VIRGEN;6;0; ;0; ; 
CUSCO;LA CONVENCION;VILLA KINTIARINA;1;0;1;0; ; 
CUSCO;LA CONVENCION;MEGANTONI;24;0;6;0; ;2
CUSCO;PARURO;PARURO;4;0;2;0; ; 
CUSCO;PARURO;ACCHA;2; ; ; ; ; 
CUSCO;PARURO;CCAPI; ; ; ; ; ; 
CUSCO;PARURO;COLCHA;2;1;1;0; ; 
CUSCO;PARURO;HUANOQUITE; ; ; ; ; ; 
CUSCO;PARURO;OMACHA;2; ; ; ; ; 
CUSCO;PARURO;PACCARITAMBO; ; ; ; ; ; 
CUSCO;PARURO;PILLPINTO; ; ; ; ; ; 
CUSCO;PARURO;YAURISQUE; ; ; ; ; ; 
CUSCO;PAUCARTAMBO;PAUCARTAMBO;7;0;3;0; ; 
CUSCO;PAUCARTAMBO;CAICAY;4;0; ;0; ; 
CUSCO;PAUCARTAMBO;CHALLABAMBA;10;0;2;0; ; 
CUSCO;PAUCARTAMBO;COLQUEPATA;7;0; ;0; ; 
CUSCO;PAUCARTAMBO;HUANCARANI;8;0;3;0; ; 
CUSCO;PAUCARTAMBO;KOSNIPATA;6;0;2;0; ; 
CUSCO;QUISPICANCHI;URCOS;20;1;2;0; ; 
CUSCO;QUISPICANCHI;ANDAHUAYLILLAS;8;2;2;0; ; 
CUSCO;QUISPICANCHI;CAMANTI;5;1; ;0; ; 
CUSCO;QUISPICANCHI;CCARHUAYO;4;0; ;0; ; 
CUSCO;QUISPICANCHI;CCATCA;8;1;1;0; ; 
CUSCO;QUISPICANCHI;CUSIPATA;8;0;2;0; ; 
CUSCO;QUISPICANCHI;HUARO;5;0;2;1; ; 
CUSCO;QUISPICANCHI;LUCRE;7;1;1;0; ; 
CUSCO;QUISPICANCHI;MARCAPATA;7;1; ;0; ; 
CUSCO;QUISPICANCHI;OCONGATE;14;2;2;0; ; 
CUSCO;QUISPICANCHI;OROPESA;10;1;2;0; ; 
CUSCO;QUISPICANCHI;QUIQUIJANA;14;0;2;0; ; 
CUSCO;URUBAMBA;URUBAMBA;13;3;2;0; ; 
CUSCO;URUBAMBA;CHINCHERO;8;2;2;0; ; 
CUSCO;URUBAMBA;HUAYLLABAMBA;9;0;2;0; ; 
CUSCO;URUBAMBA;MACHUPICCHU;86;1; ;0; ; 
CUSCO;URUBAMBA;MARAS;14;1;3;0; ; 
CUSCO;URUBAMBA;OLLANTAYTAMBO;34;0; ;0; ; 
CUSCO;URUBAMBA;YUCAY; ; ; ; ; ; 
HUANCAVELICA;HUANCAVELICA;HUANCAVELICA;20;3;3;30; ; 
HUANCAVELICA;HUANCAVELICA;ACOBAMBILLA; ; ; ; ; ; 
HUANCAVELICA;HUANCAVELICA;ACORIA;18;0;3;0; ; 
HUANCAVELICA;HUANCAVELICA;CONAYCA;2;0;1;0; ; 
HUANCAVELICA;HUANCAVELICA;CUENCA; ; ; ; ; ; 
HUANCAVELICA;HUANCAVELICA;HUACHOCOLPA;4;0; ;0; ; 
HUANCAVELICA;HUANCAVELICA;HUAYLLAHUARA; ; ; ; ; ; 
HUANCAVELICA;HUANCAVELICA;IZCUCHACA;4; ; ; ; ; 
HUANCAVELICA;HUANCAVELICA;LARIA;2;0;1;0; ; 
HUANCAVELICA;HUANCAVELICA;MANTA;1; ; ; ; ; 
HUANCAVELICA;HUANCAVELICA;MARISCAL CACERES; ; ; ; ; ; 
HUANCAVELICA;HUANCAVELICA;MOYA; ; ; ; ; ; 
HUANCAVELICA;HUANCAVELICA;NUEVO OCCORO; ; ; ; ; ; 
HUANCAVELICA;HUANCAVELICA;PALCA; ; ; ; ; ; 
HUANCAVELICA;HUANCAVELICA;PILCHACA; ; ; ; ; ; 
HUANCAVELICA;HUANCAVELICA;VILCA; ; ; ; ; ; 
HUANCAVELICA;HUANCAVELICA;YAULI;16;1;6;0; ; 
HUANCAVELICA;HUANCAVELICA;ASCENSION;8;1;4;0; ; 
HUANCAVELICA;HUANCAVELICA;HUANDO;1;0;3;0; ; 
HUANCAVELICA;ACOBAMBA;ACOBAMBA;8;0;3;0; ; 
HUANCAVELICA;ACOBAMBA;ANDABAMBA; ; ; ; ; ; 
HUANCAVELICA;ACOBAMBA;ANTA; ; ; ; ; ; 
HUANCAVELICA;ACOBAMBA;CAJA; ; ; ; ; ; 
HUANCAVELICA;ACOBAMBA;MARCAS; ; ; ; ; ; 
HUANCAVELICA;ACOBAMBA;PAUCARA;11;3; ;0; ; 
HUANCAVELICA;ACOBAMBA;POMACOCHA;3;1; ;0; ; 
HUANCAVELICA;ACOBAMBA;ROSARIO;2;1; ;0; ; 
HUANCAVELICA;ANGARAES;LIRCAY;13;1; ;0; ; 
HUANCAVELICA;ANGARAES;ANCHONGA; ; ; ; ; ; 
HUANCAVELICA;ANGARAES;CALLANMARCA; ; ; ; ; ; 
HUANCAVELICA;ANGARAES;CCOCHACCASA; ; ; ; ; ; 
HUANCAVELICA;ANGARAES;CHINCHO; ; ; ; ; ; 
HUANCAVELICA;ANGARAES;CONGALLA;10;1;2;0; ; 
HUANCAVELICA;ANGARAES;HUANCA-HUANCA; ; ; ; ; ; 
HUANCAVELICA;ANGARAES;HUAYLLAY GRANDE; ; ; ; ; ; 
HUANCAVELICA;ANGARAES;JULCAMARCA;1;2;1;0; ; 
HUANCAVELICA;ANGARAES;SAN ANTONIO DE ANTAPARCO; ; ; ; ; ; 
HUANCAVELICA;ANGARAES;SANTO TOMAS DE PATA;1; ; ; ; ; 
HUANCAVELICA;ANGARAES;SECCLLA; ; ; ; ; ; 
HUANCAVELICA;CASTROVIRREYNA;CASTROVIRREYNA; ; ; ; ; ; 
HUANCAVELICA;CASTROVIRREYNA;ARMA; ; ; ; ; ; 
HUANCAVELICA;CASTROVIRREYNA;AURAHUA; ; ; ; ; ; 
HUANCAVELICA;CASTROVIRREYNA;CAPILLAS; ; ; ; ; ; 
HUANCAVELICA;CASTROVIRREYNA;CHUPAMARCA; ; ; ; ; ; 
HUANCAVELICA;CASTROVIRREYNA;COCAS; ; ; ; ; ; 
HUANCAVELICA;CASTROVIRREYNA;HUACHOS; ; ; ; ; ; 
HUANCAVELICA;CASTROVIRREYNA;HUAMATAMBO; ; ; ; ; ; 
HUANCAVELICA;CASTROVIRREYNA;MOLLEPAMPA; ; ; ; ; ; 
HUANCAVELICA;CASTROVIRREYNA;SAN JUAN; ; ; ; ; ; 
HUANCAVELICA;CASTROVIRREYNA;SANTA ANA;1;2;1;0; ; 
HUANCAVELICA;CASTROVIRREYNA;TANTARA; ; ; ; ; ; 
HUANCAVELICA;CASTROVIRREYNA;TICRAPO; ; ; ; ; ; 
HUANCAVELICA;CHURCAMPA;CHURCAMPA;5;2; ;0; ; 
HUANCAVELICA;CHURCAMPA;ANCO; ; ; ; ; ; 
HUANCAVELICA;CHURCAMPA;CHINCHIHUASI;2;0;4;0; ; 
HUANCAVELICA;CHURCAMPA;EL CARMEN; ; ; ; ; ; 
HUANCAVELICA;CHURCAMPA;LA MERCED;1;1;1;0; ; 
HUANCAVELICA;CHURCAMPA;LOCROJA; ; ; ; ; ; 
HUANCAVELICA;CHURCAMPA;PAUCARBAMBA; ; ; ; ; ; 
HUANCAVELICA;CHURCAMPA;SAN MIGUEL DE MAYOCC; ; ; ; ; ; 
HUANCAVELICA;CHURCAMPA;SAN PEDRO DE CORIS; ; ; ; ; ; 
HUANCAVELICA;CHURCAMPA;PACHAMARCA; ; ; ; ; ; 
HUANCAVELICA;CHURCAMPA;COSME;1; ; ; ; ; 
HUANCAVELICA;HUAYTARA;HUAYTARA;3;0;2;0; ; 
HUANCAVELICA;HUAYTARA;AYAVI; ; ; ; ; ; 
HUANCAVELICA;HUAYTARA;CORDOVA; ; ; ; ; ; 
HUANCAVELICA;HUAYTARA;HUAYACUNDO ARMA; ; ; ; ; ; 
HUANCAVELICA;HUAYTARA;LARAMARCA; ; ; ; ; ; 
HUANCAVELICA;HUAYTARA;OCOYO; ; ; ; ; ; 
HUANCAVELICA;HUAYTARA;PILPICHACA;1;1; ;0; ; 
HUANCAVELICA;HUAYTARA;QUERCO; ; ; ; ; ; 
HUANCAVELICA;HUAYTARA;QUITO-ARMA; ; ; ; ; ; 
HUANCAVELICA;HUAYTARA;SAN ANTONIO DE CUSICANCHA; ; ; ; ; ; 
HUANCAVELICA;HUAYTARA;SAN FRANCISCO DE SANGAYAICO; ; ; ; ; ; 
HUANCAVELICA;HUAYTARA;SAN ISIDRO; ; ; ; ; ; 
HUANCAVELICA;HUAYTARA;SANTIAGO DE CHOCORVOS; ; ; ; ; ; 
HUANCAVELICA;HUAYTARA;SANTIAGO DE QUIRAHUARA; ; ; ; ; ; 
HUANCAVELICA;HUAYTARA;SANTO DOMINGO DE CAPILLAS; ; ; ; ; ; 
HUANCAVELICA;HUAYTARA;TAMBO; ; ; ; ; ; 
HUANCAVELICA;TAYACAJA;PAMPAS;12;1;7;3; ; 
HUANCAVELICA;TAYACAJA;ACOSTAMBO;2;0;2;0; ; 
HUANCAVELICA;TAYACAJA;ACRAQUIA;5;0;1;0; ; 
HUANCAVELICA;TAYACAJA;AHUAYCHA;6;0;2;0; ; 
HUANCAVELICA;TAYACAJA;COLCABAMBA;6;0;1;0; ; 
HUANCAVELICA;TAYACAJA;DANIEL HERNANDEZ;4;0;6;0; ; 
HUANCAVELICA;TAYACAJA;HUACHOCOLPA; ; ; ; ; ; 
HUANCAVELICA;TAYACAJA;HUARIBAMBA; ; ; ; ; ; 
HUANCAVELICA;TAYACAJA;NAHUIMPUQUIO;2;0;2;0; ; 
HUANCAVELICA;TAYACAJA;PAZOS; ; ; ; ; ; 
HUANCAVELICA;TAYACAJA;QUISHUAR; ; ; ; ; ; 
HUANCAVELICA;TAYACAJA;SALCABAMBA;3;0; ;0; ; 
HUANCAVELICA;TAYACAJA;SALCAHUASI; ; ; ; ; ; 
HUANCAVELICA;TAYACAJA;SAN MARCOS DE ROCCHAC; ; ; ; ; ; 
HUANCAVELICA;TAYACAJA;SURCUBAMBA;4;0; ;0; ; 
HUANCAVELICA;TAYACAJA;TINTAY PUNCU;6;0;1;0; ; 
HUANCAVELICA;TAYACAJA;QUICHUAS;2;0; ;0; ; 
HUANCAVELICA;TAYACAJA;ANDAYMARCA;2;0; ;0; ; 
HUANCAVELICA;TAYACAJA;ROBLE;4;0;1;0; ; 
HUANCAVELICA;TAYACAJA;PICHOS;1;2; ;0; ; 
HUANCAVELICA;TAYACAJA;SANTIAGO DE TUCUMA;2;0;2;0; ; 
HUANUCO;HUANUCO;HUANUCO;80;5;5;20; ; 
HUANUCO;HUANUCO;AMARILIS;52;13;13;0; ; 
HUANUCO;HUANUCO;CHINCHAO;7;0; ;1; ; 
HUANUCO;HUANUCO;CHURUBAMBA;19;1;2;0; ; 
HUANUCO;HUANUCO;MARGOS;4;0; ;0; ; 
HUANUCO;HUANUCO;QUISQUI; ; ; ; ; ; 
HUANUCO;HUANUCO;SAN FRANCISCO DE CAYRAN; ; ; ; ; ; 
HUANUCO;HUANUCO;SAN PEDRO DE CHAULAN;4;0; ;0; ; 
HUANUCO;HUANUCO;SANTA MARIA DEL VALLE;10;1;1;0; ; 
HUANUCO;HUANUCO;YARUMAYO; ; ; ; ; ; 
HUANUCO;HUANUCO;PILLCO MARCA;27;3; ;0; ; 
HUANUCO;HUANUCO;YACUS;1;0;1;0; ; 
HUANUCO;HUANUCO;SAN PABLO DE PILLAO;8;0;1;0; ; 
HUANUCO;AMBO;AMBO;15;4;6;0; ; 
HUANUCO;AMBO;CAYNA; ; ; ; ; ; 
HUANUCO;AMBO;COLPAS;5;0; ;0; ; 
HUANUCO;AMBO;CONCHAMARCA; ; ; ; ; ; 
HUANUCO;AMBO;HUACAR;4;1;1;0; ; 
HUANUCO;AMBO;SAN FRANCISCO;6;0; ;0; ; 
HUANUCO;AMBO;SAN RAFAEL;7;0; ;0; ; 
HUANUCO;AMBO;TOMAY KICHWA;5;1; ;0; ; 
HUANUCO;DOS DE MAYO;LA UNION;11;1; ;0; ; 
HUANUCO;DOS DE MAYO;CHUQUIS;4;0; ;0; ; 
HUANUCO;DOS DE MAYO;MARIAS; ; ; ; ; ; 
HUANUCO;DOS DE MAYO;PACHAS;6;0;1;0; ; 
HUANUCO;DOS DE MAYO;QUIVILLA; ; ; ; ; ; 
HUANUCO;DOS DE MAYO;RIPAN;2;0;2;0; ; 
HUANUCO;DOS DE MAYO;SHUNQUI; ; ; ; ; ; 
HUANUCO;DOS DE MAYO;SILLAPATA;2;0; ;0; ; 
HUANUCO;DOS DE MAYO;YANAS;2;1;2;0; ; 
HUANUCO;HUACAYBAMBA;HUACAYBAMBA;6;1;3;0; ; 
HUANUCO;HUACAYBAMBA;CANCHABAMBA; ; ; ; ; ; 
HUANUCO;HUACAYBAMBA;COCHABAMBA;2; ; ; ; ; 
HUANUCO;HUACAYBAMBA;PINRA;3;0; ;0; ; 
HUANUCO;HUAMALIES;LLATA;6;0; ;0; ; 
HUANUCO;HUAMALIES;ARANCAY; ; ; ; ; ; 
HUANUCO;HUAMALIES;CHAVIN DE PARIARCA; ; ; ; ; ; 
HUANUCO;HUAMALIES;JACAS GRANDE; ; ; ; ; ; 
HUANUCO;HUAMALIES;JIRCAN; ; ; ; ; ; 
HUANUCO;HUAMALIES;MIRAFLORES;1;0;2;0; ; 
HUANUCO;HUAMALIES;MONZON;6;1; ;0; ; 
HUANUCO;HUAMALIES;PUNCHAO; ; ; ; ; ; 
HUANUCO;HUAMALIES;PUNOS; ; ; ; ; ; 
HUANUCO;HUAMALIES;SINGA; ; ; ; ; ; 
HUANUCO;HUAMALIES;TANTAMAYO; ; ; ; ; ; 
HUANUCO;LEONCIO PRADO;RUPA-RUPA;37;2;3;0; ; 
HUANUCO;LEONCIO PRADO;DANIEL ALOMIA ROBLES;7;0;4;0; ; 
HUANUCO;LEONCIO PRADO;HERMILIO VALDIZAN;3;0; ;0; ; 
HUANUCO;LEONCIO PRADO;JOSE CRESPO Y CASTILLO;12;1;2;0; ; 
HUANUCO;LEONCIO PRADO;LUYANDO;9;0;2;0; ; 
HUANUCO;LEONCIO PRADO;MARIANO DAMASO BERAUN;3;0;1;0; ; 
HUANUCO;LEONCIO PRADO;PUCAYACU;5;0;2;0; ; 
HUANUCO;LEONCIO PRADO;CASTILLO GRANDE;13;1;2;0; ; 
HUANUCO;LEONCIO PRADO;PUEBLO NUEVO;2;1;1;2;2; 
HUANUCO;LEONCIO PRADO;SANTO DOMINGO DE ANDA;3;0;1;0; ; 
HUANUCO;MARANON;HUACRACHUCO;14;0; ;0; ; 
HUANUCO;MARANON;CHOLON;6;0;2;0; ; 
HUANUCO;MARANON;SAN BUENAVENTURA;5;0; ;0; ; 
HUANUCO;MARANON;LA MORADA; ; ; ; ; ; 
HUANUCO;MARANON;SANTA ROSA DE ALTO YANAJANCA; ; ; ; ; ; 
HUANUCO;PACHITEA;PANAO;29;0;2;0; ; 
HUANUCO;PACHITEA;CHAGLLA;12;0;2;0; ; 
HUANUCO;PACHITEA;MOLINO;10;1;1;0; ; 
HUANUCO;PACHITEA;UMARI;12;1; ;0; ; 
HUANUCO;PUERTO INCA;PUERTO INCA;15;1; ;0; ; 
HUANUCO;PUERTO INCA;CODO DEL POZUZO;6;0;2;0; ; 
HUANUCO;PUERTO INCA;HONORIA; ; ; ; ; ; 
HUANUCO;PUERTO INCA;TOURNAVISTA;4;0; ;0; ; 
HUANUCO;PUERTO INCA;YUYAPICHIS;4;0;4;0; ; 
HUANUCO;LAURICOCHA;JESUS;1;0; ;0; ; 
HUANUCO;LAURICOCHA;BANOS;1;0; ;0; ; 
HUANUCO;LAURICOCHA;JIVIA; ; ; ; ; ; 
HUANUCO;LAURICOCHA;QUEROPALCA;3;0;2;0; ; 
HUANUCO;LAURICOCHA;RONDOS;2;0;2;0; ; 
HUANUCO;LAURICOCHA;SAN FRANCISCO DE ASIS;6;0; ;0; ; 
HUANUCO;LAURICOCHA;SAN MIGUEL DE CAURI;6;0;2;0; ; 
HUANUCO;YAROWILCA;CHAVINILLO;9;0; ;0; ; 
HUANUCO;YAROWILCA;CAHUAC;3;0; ;0; ; 
HUANUCO;YAROWILCA;CHACABAMBA;3; ; ; ; ; 
HUANUCO;YAROWILCA;APARICIO POMARES;4;0; ;0; ; 
HUANUCO;YAROWILCA;JACAS CHICO;1; ; ; ; ; 
HUANUCO;YAROWILCA;OBAS;4; ; ; ; ; 
HUANUCO;YAROWILCA;PAMPAMARCA;3;0;2;0; ; 
HUANUCO;YAROWILCA;CHORAS; ; ; ; ; ; 
ICA;ICA;ICA;170;10;42;0; ; 
ICA;ICA;LA TINGUINA;28;3;4;0; ; 
ICA;ICA;LOS AQUIJES;14;2; ;0; ; 
ICA;ICA;OCUCAJE;4;2;1;0; ; 
ICA;ICA;PACHACUTEC;4;1;3;0; ; 
ICA;ICA;PARCONA;35;7;8;0; ; 
ICA;ICA;PUEBLO NUEVO;5;1;5;0;2; 
ICA;ICA;SALAS;77;4;6;0; ; 
ICA;ICA;SAN JOSE DE LOS MOLINOS;9;0;5;0; ;1
ICA;ICA;SAN JUAN BAUTISTA;15;2;2;0; ; 
ICA;ICA;SANTIAGO;22;2;3;0; ; 
ICA;ICA;SUBTANJALLA;17;4;6;0; ; 
ICA;ICA;TATE;4;1;2;0; ; 
ICA;ICA;YAUCA DEL ROSARIO; ; ; ; ; ; 
ICA;CHINCHA;CHINCHA ALTA;35;13;5;0; ; 
ICA;CHINCHA;ALTO LARAN;13;1; ;0; ; 
ICA;CHINCHA;CHAVIN;1;1;1;0; ; 
ICA;CHINCHA;CHINCHA BAJA;7;1;2;0; ; 
ICA;CHINCHA;EL CARMEN;34;4;4;0; ; 
ICA;CHINCHA;GROCIO PRADO;16;1; ;0; ; 
ICA;CHINCHA;PUEBLO NUEVO;10;5;7;0; ; 
ICA;CHINCHA;SAN JUAN DE YANAC;1;0;4;0; ; 
ICA;CHINCHA;SAN PEDRO DE HUACARPANA;1;0; ;0; ; 
ICA;CHINCHA;SUNAMPE;26;3;2;1; ; 
ICA;CHINCHA;TAMBO DE MORA;4;1;1;0; ; 
ICA;NASCA;NASCA;33;7;7;6; ; 
ICA;NASCA;CHANGUILLO; ; ; ; ; ; 
ICA;NASCA;EL INGENIO; ; ; ; ; ; 
ICA;NASCA;MARCONA;26;3;6;8; ;1
ICA;NASCA;VISTA ALEGRE;12;2;3;0; ; 
ICA;PALPA;PALPA;2;1; ;0; ; 
ICA;PALPA;LLIPATA; ; ; ; ; ; 
ICA;PALPA;RIO GRANDE; ; ; ; ; ; 
ICA;PALPA;SANTA CRUZ; ; ; ; ; ; 
ICA;PALPA;TIBILLO; ; ; ; ; ; 
ICA;PISCO;PISCO;38;15;12;0;3; 
ICA;PISCO;HUANCANO; ; ; ; ; ; 
ICA;PISCO;HUMAY;19;1;6;0; ; 
ICA;PISCO;INDEPENDENCIA;12;1;1;0; ; 
ICA;PISCO;PARACAS;38;6;7;0; ; 
ICA;PISCO;SAN ANDRES;6;2;3;0; ; 
ICA;PISCO;SAN CLEMENTE;14;2;2;0; ; 
ICA;PISCO;TUPAC AMARU INCA;14;5;5;0; ; 
JUNIN;HUANCAYO;HUANCAYO;90;13;15;0; ; 
JUNIN;HUANCAYO;CARHUACALLANGA; ; ; ; ; ; 
JUNIN;HUANCAYO;CHACAPAMPA; ; ; ; ; ; 
JUNIN;HUANCAYO;CHICCHE; ; ; ; ; ; 
JUNIN;HUANCAYO;CHILCA;34;8;6;0;2; 
JUNIN;HUANCAYO;CHONGOS ALTO;2;0;1;0; ; 
JUNIN;HUANCAYO;CHUPURO; ; ; ; ; ; 
JUNIN;HUANCAYO;COLCA;1;1; ;0; ; 
JUNIN;HUANCAYO;CULLHUAS; ; ; ; ; ; 
JUNIN;HUANCAYO;EL TAMBO;81;10;8;0; ; 
JUNIN;HUANCAYO;HUACRAPUQUIO; ; ; ; ; ; 
JUNIN;HUANCAYO;HUALHUAS;1;1;4;0; ; 
JUNIN;HUANCAYO;HUANCAN;11;1;5;0; ; 
JUNIN;HUANCAYO;HUASICANCHA; ; ; ; ; ; 
JUNIN;HUANCAYO;HUAYUCACHI; ; ; ; ; ; 
JUNIN;HUANCAYO;INGENIO;2;0;1;0; ; 
JUNIN;HUANCAYO;PARIAHUANCA; ; ; ; ; ; 
JUNIN;HUANCAYO;PILCOMAYO;18;2;4;0; ; 
JUNIN;HUANCAYO;PUCARA; ; ; ; ; ; 
JUNIN;HUANCAYO;QUICHUAY;4;0;2;0; ; 
JUNIN;HUANCAYO;QUILCAS; ; ; ; ; ; 
JUNIN;HUANCAYO;SAN AGUSTIN;13;2;2;2; ; 
JUNIN;HUANCAYO;SAN JERONIMO DE TUNAN;11;1;4;0; ; 
JUNIN;HUANCAYO;SANO; ; ; ; ; ; 
JUNIN;HUANCAYO;SAPALLANGA;7;1;2;0; ; 
JUNIN;HUANCAYO;SICAYA; ; ; ; ; ; 
JUNIN;HUANCAYO;SANTO DOMINGO DE ACOBAMBA; ; ; ; ; ; 
JUNIN;HUANCAYO;VIQUES; ; ; ; ; ; 
JUNIN;CONCEPCION;CONCEPCION;21;2;6;0; ; 
JUNIN;CONCEPCION;ACO;1;0;1;0; ; 
JUNIN;CONCEPCION;ANDAMARCA;2;0;1;0; ; 
JUNIN;CONCEPCION;CHAMBARA;3;0;2;0; ; 
JUNIN;CONCEPCION;COCHAS; ; ; ; ; ; 
JUNIN;CONCEPCION;COMAS;2;0;2;0; ; 
JUNIN;CONCEPCION;HEROINAS TOLEDO; ; ; ; ; ; 
JUNIN;CONCEPCION;MANZANARES;2;0;1;0; ; 
JUNIN;CONCEPCION;MARISCAL CASTILLA; ; ; ; ; ; 
JUNIN;CONCEPCION;MATAHUASI;5;2;2;0; ; 
JUNIN;CONCEPCION;MITO; ; ; ; ; ; 
JUNIN;CONCEPCION;NUEVE DE JULIO;2;1;1;0; ; 
JUNIN;CONCEPCION;ORCOTUNA;1;0;2;0; ; 
JUNIN;CONCEPCION;SAN JOSE DE QUERO;1;1;4;0; ; 
JUNIN;CONCEPCION;SANTA ROSA DE OCOPA;1;0;2;0; ; 
JUNIN;CHANCHAMAYO;CHANCHAMAYO;26;3;6;0; ; 
JUNIN;CHANCHAMAYO;PERENE;38;3;7;0; ; 
JUNIN;CHANCHAMAYO;PICHANAQUI;28;2;1;0; ; 
JUNIN;CHANCHAMAYO;SAN LUIS DE SHUARO;3;1;2;0; ; 
JUNIN;CHANCHAMAYO;SAN RAMON;12;1;2;0; ; 
JUNIN;CHANCHAMAYO;VITOC; ; ; ; ; ; 
JUNIN;JAUJA;JAUJA;12;2;4;0; ; 
JUNIN;JAUJA;ACOLLA; ; ; ; ; ; 
JUNIN;JAUJA;APATA;5;3;3;0; ; 
JUNIN;JAUJA;ATAURA;5;0;2;0; ; 
JUNIN;JAUJA;CANCHAYLLO; ; ; ; ; ; 
JUNIN;JAUJA;CURICACA; ; ; ; ; ; 
JUNIN;JAUJA;EL MANTARO;2;0;3;0; ; 
JUNIN;JAUJA;HUAMALI;2;1;2;0; ; 
JUNIN;JAUJA;HUARIPAMPA;3;1; ;0; ; 
JUNIN;JAUJA;HUERTAS; ; ; ; ; ; 
JUNIN;JAUJA;JANJAILLO;2;1;1;0; ; 
JUNIN;JAUJA;JULCAN; ; ; ; ; ; 
JUNIN;JAUJA;LEONOR ORDONEZ; ; ; ; ; ; 
JUNIN;JAUJA;LLOCLLAPAMPA; ; ; ; ; ; 
JUNIN;JAUJA;MARCO; ; ; ; ; ; 
JUNIN;JAUJA;MASMA; ; ; ; ; ; 
JUNIN;JAUJA;MASMA CHICCHE;1;1; ;0; ; 
JUNIN;JAUJA;MOLINOS; ; ; ; ; ; 
JUNIN;JAUJA;MONOBAMBA; ; ; ; ; ; 
JUNIN;JAUJA;MUQUI; ; ; ; ; ; 
JUNIN;JAUJA;MUQUIYAUYO;3;0;2;0; ; 
JUNIN;JAUJA;PACA;1;1; ;0; ; 
JUNIN;JAUJA;PACCHA; ; ; ; ; ; 
JUNIN;JAUJA;PANCAN; ; ; ; ; ; 
JUNIN;JAUJA;PARCO; ; ; ; ; ; 
JUNIN;JAUJA;POMACANCHA; ; ; ; ; ; 
JUNIN;JAUJA;RICRAN; ; ; ; ; ; 
JUNIN;JAUJA;SAN LORENZO;4;1;6;0; ; 
JUNIN;JAUJA;SAN PEDRO DE CHUNAN; ; ; ; ; ; 
JUNIN;JAUJA;SAUSA;2;1; ;0; ; 
JUNIN;JAUJA;SINCOS; ; ; ; ; ; 
JUNIN;JAUJA;TUNAN MARCA; ; ; ; ; ; 
JUNIN;JAUJA;YAULI;2; ; ; ; ; 
JUNIN;JAUJA;YAUYOS;5;0; ;0; ;1
JUNIN;JUNIN;JUNIN;8;1;1;0; ; 
JUNIN;JUNIN;CARHUAMAYO;5; ; ; ; ; 
JUNIN;JUNIN;ONDORES;1;0;1;0; ; 
JUNIN;JUNIN;ULCUMAYO; ; ; ; ; ; 
JUNIN;SATIPO;SATIPO;46;6;12;0; ; 
JUNIN;SATIPO;COVIRIALI;6;1;5;0; ; 
JUNIN;SATIPO;LLAYLLA;6;1;2;0; ; 
JUNIN;SATIPO;MAZAMARI;16;1;3;0; ; 
JUNIN;SATIPO;PAMPA HERMOSA;9;0;3;0; ; 
JUNIN;SATIPO;PANGOA;25;2;7;0; ; 
JUNIN;SATIPO;RIO NEGRO; ; ; ; ; ; 
JUNIN;SATIPO;RIO TAMBO;7;1;5;0; ; 
JUNIN;SATIPO;VIZCATAN DEL ENE; ; ; ; ; ; 
JUNIN;TARMA;TARMA;20;3;2;0; ; 
JUNIN;TARMA;ACOBAMBA;2;1; ;1; ; 
JUNIN;TARMA;HUARICOLCA; ; ; ; ; ; 
JUNIN;TARMA;HUASAHUASI;5;1; ;0; ; 
JUNIN;TARMA;LA UNION;3;0;1;0; ; 
JUNIN;TARMA;PALCA;1;1;2;0; ; 
JUNIN;TARMA;PALCAMAYO;3;2;1;1; ; 
JUNIN;TARMA;SAN PEDRO DE CAJAS;2;1;2;0; ; 
JUNIN;TARMA;TAPO; ; ; ; ; ; 
JUNIN;YAULI;LA OROYA;17;3;2;0; ; 
JUNIN;YAULI;CHACAPALPA;2;0;1;0; ; 
JUNIN;YAULI;HUAY-HUAY;14;0; ;0; ; 
JUNIN;YAULI;MARCAPOMACOCHA;7;3;4;0; ; 
JUNIN;YAULI;MOROCOCHA;12;1;3;0; ; 
JUNIN;YAULI;PACCHA;4;1; ;0; ; 
JUNIN;YAULI;SANTA BARBARA DE CARHUACAYAN;4;2;2;0; ; 
JUNIN;YAULI;SANTA ROSA DE SACCO;27;2;2;0; ; 
JUNIN;YAULI;SUITUCANCHA;3;0; ;0; ; 
JUNIN;YAULI;YAULI;13;1;2;0; ;2
JUNIN;CHUPACA;CHUPACA;28;1;4;5; ; 
JUNIN;CHUPACA;AHUAC;2;1;2;0; ; 
JUNIN;CHUPACA;CHONGOS BAJO; ; ; ; ; ; 
JUNIN;CHUPACA;HUACHAC;3;1;4;0; ; 
JUNIN;CHUPACA;HUAMANCACA CHICO;2;0;2;0; ; 
JUNIN;CHUPACA;SAN JUAN DE ISCOS; ; ; ; ; ; 
JUNIN;CHUPACA;SAN JUAN DE JARPA; ; ; ; ; ; 
JUNIN;CHUPACA;TRES DE DICIEMBRE; ; ; ; ; ; 
JUNIN;CHUPACA;YANACANCHA; ; ; ; ; ; 
LA LIBERTAD;TRUJILLO;TRUJILLO;912;67;128;60; ; 
LA LIBERTAD;TRUJILLO;EL PORVENIR;36;5;1;0; ; 
LA LIBERTAD;TRUJILLO;FLORENCIA DE MORA; ; ; ; ; ; 
LA LIBERTAD;TRUJILLO;HUANCHACO;61;3;12;0;2; 
LA LIBERTAD;TRUJILLO;LA ESPERANZA;77;9;5;0; ; 
LA LIBERTAD;TRUJILLO;LAREDO;16;4;3;0; ; 
LA LIBERTAD;TRUJILLO;MOCHE;5;5;3;0; ; 
LA LIBERTAD;TRUJILLO;POROTO;2; ; ; ; ; 
LA LIBERTAD;TRUJILLO;SALAVERRY;13;3;3;0; ; 
LA LIBERTAD;TRUJILLO;SIMBAL; ; ; ; ; ; 
LA LIBERTAD;TRUJILLO;VICTOR LARCO HERRERA;108;16;2;0; ; 
LA LIBERTAD;ASCOPE;ASCOPE;10;1;1;0; ; 
LA LIBERTAD;ASCOPE;CHICAMA;9;0; ;0; ; 
LA LIBERTAD;ASCOPE;CHOCOPE;3;1;5;0; ; 
LA LIBERTAD;ASCOPE;MAGDALENA DE CAO; ; ; ; ; ; 
LA LIBERTAD;ASCOPE;PAIJAN;16;6;3;0; ; 
LA LIBERTAD;ASCOPE;RAZURI;7;1;4;0; ; 
LA LIBERTAD;ASCOPE;SANTIAGO DE CAO;13;6;4;0; ; 
LA LIBERTAD;ASCOPE;CASA GRANDE;25;2;1;0; ; 
LA LIBERTAD;BOLIVAR;BOLIVAR; ; ; ; ; ; 
LA LIBERTAD;BOLIVAR;BAMBAMARCA; ; ; ; ; ; 
LA LIBERTAD;BOLIVAR;CONDORMARCA; ; ; ; ; ; 
LA LIBERTAD;BOLIVAR;LONGOTEA; ; ; ; ; ; 
LA LIBERTAD;BOLIVAR;UCHUMARCA;1;2; ;0; ; 
LA LIBERTAD;BOLIVAR;UCUNCHA; ; ; ; ; ; 
LA LIBERTAD;CHEPEN;CHEPEN;30;4; ;0; ; 
LA LIBERTAD;CHEPEN;PACANGA;19;0; ;0; ; 
LA LIBERTAD;CHEPEN;PUEBLO NUEVO;18;1;2;0; ; 
LA LIBERTAD;JULCAN;JULCAN;13;1;2;0; ; 
LA LIBERTAD;JULCAN;CALAMARCA;10;0; ;0; ; 
LA LIBERTAD;JULCAN;CARABAMBA;8;0;1;0; ; 
LA LIBERTAD;JULCAN;HUASO;6;0; ;0; ; 
LA LIBERTAD;OTUZCO;OTUZCO;20;1;2;0; ; 
LA LIBERTAD;OTUZCO;AGALLPAMPA;1;0; ;0; ; 
LA LIBERTAD;OTUZCO;CHARAT; ; ; ; ; ; 
LA LIBERTAD;OTUZCO;HUARANCHAL; ; ; ; ; ; 
LA LIBERTAD;OTUZCO;LA CUESTA; ; ; ; ; ; 
LA LIBERTAD;OTUZCO;MACHE; ; ; ; ; ; 
LA LIBERTAD;OTUZCO;PARANDAY;5; ; ; ; ; 
LA LIBERTAD;OTUZCO;SALPO; ; ; ; ; ; 
LA LIBERTAD;OTUZCO;SINSICAP; ; ; ; ; ; 
LA LIBERTAD;OTUZCO;USQUIL;6;1; ;0; ; 
LA LIBERTAD;PACASMAYO;SAN PEDRO DE LLOC;19;2;6;0; ; 
LA LIBERTAD;PACASMAYO;GUADALUPE;36;6;4;0; ; 
LA LIBERTAD;PACASMAYO;JEQUETEPEQUE;2;1; ;0; ; 
LA LIBERTAD;PACASMAYO;PACASMAYO;16;2;5;0; ; 
LA LIBERTAD;PACASMAYO;SAN JOSE; ; ; ; ; ; 
LA LIBERTAD;PATAZ;TAYABAMBA;21;1; ;0; ; 
LA LIBERTAD;PATAZ;BULDIBUYO; ; ; ; ; ; 
LA LIBERTAD;PATAZ;CHILLIA; ; ; ; ; ; 
LA LIBERTAD;PATAZ;HUANCASPATA; ; ; ; ; ; 
LA LIBERTAD;PATAZ;HUAYLILLAS; ; ; ; ; ; 
LA LIBERTAD;PATAZ;HUAYO; ; ; ; ; ; 
LA LIBERTAD;PATAZ;ONGON; ; ; ; ; ; 
LA LIBERTAD;PATAZ;PARCOY;11;0; ;0; ; 
LA LIBERTAD;PATAZ;PATAZ;24;1;3;0; ; 
LA LIBERTAD;PATAZ;PIAS; ; ; ; ; ; 
LA LIBERTAD;PATAZ;SANTIAGO DE CHALLAS; ; ; ; ; ; 
LA LIBERTAD;PATAZ;TAURIJA;3; ; ; ; ; 
LA LIBERTAD;PATAZ;URPAY; ; ; ; ; ; 
LA LIBERTAD;SANCHEZ CARRION;HUAMACHUCO;74;5;6;0; ; 
LA LIBERTAD;SANCHEZ CARRION;CHUGAY;5;1; ;0; ; 
LA LIBERTAD;SANCHEZ CARRION;COCHORCO; ; ; ; ; ; 
LA LIBERTAD;SANCHEZ CARRION;CURGOS; ; ; ; ; ; 
LA LIBERTAD;SANCHEZ CARRION;MARCABAL; ; ; ; ; ; 
LA LIBERTAD;SANCHEZ CARRION;SANAGORAN; ; ; ; ; ; 
LA LIBERTAD;SANCHEZ CARRION;SARIN; ; ; ; ; ; 
LA LIBERTAD;SANCHEZ CARRION;SARTIMBAMBA;10; ; ; ; ; 
LA LIBERTAD;SANTIAGO DE CHUCO;SANTIAGO DE CHUCO;8;1; ;0; ; 
LA LIBERTAD;SANTIAGO DE CHUCO;ANGASMARCA;2;0;2;0; ; 
LA LIBERTAD;SANTIAGO DE CHUCO;CACHICADAN;2;0;1;0; ; 
LA LIBERTAD;SANTIAGO DE CHUCO;MOLLEBAMBA; ; ; ; ; ; 
LA LIBERTAD;SANTIAGO DE CHUCO;MOLLEPATA;2;1; ;0; ; 
LA LIBERTAD;SANTIAGO DE CHUCO;QUIRUVILCA;15;0;6;0; ; 
LA LIBERTAD;SANTIAGO DE CHUCO;SANTA CRUZ DE CHUCA; ; ; ; ; ; 
LA LIBERTAD;SANTIAGO DE CHUCO;SITABAMBA;2; ; ; ; ; 
LA LIBERTAD;GRAN CHIMU;CASCAS; ; ; ; ; ; 
LA LIBERTAD;GRAN CHIMU;LUCMA; ; ; ; ; ; 
LA LIBERTAD;GRAN CHIMU;MARMOT; ; ; ; ; ; 
LA LIBERTAD;GRAN CHIMU;SAYAPULLO; ; ; ; ; ; 
LA LIBERTAD;VIRU;VIRU;52;4;4;0; ; 
LA LIBERTAD;VIRU;CHAO;40;5;8;0; ; 
LA LIBERTAD;VIRU;GUADALUPITO;3;1; ;0; ; 
LAMBAYEQUE;CHICLAYO;CHICLAYO;124;25;4;0; ; 
LAMBAYEQUE;CHICLAYO;CHONGOYAPE; ; ; ; ; ; 
LAMBAYEQUE;CHICLAYO;ETEN; ; ; ; ; ; 
LAMBAYEQUE;CHICLAYO;ETEN PUERTO;7;0;3;2; ; 
LAMBAYEQUE;CHICLAYO;JOSE LEONARDO ORTIZ;34;3;10;0; ; 
LAMBAYEQUE;CHICLAYO;LA VICTORIA;21;5; ;0; ; 
LAMBAYEQUE;CHICLAYO;LAGUNAS; ; ; ; ; ; 
LAMBAYEQUE;CHICLAYO;MONSEFU;8;1;2;0; ; 
LAMBAYEQUE;CHICLAYO;NUEVA ARICA;6;0;1;0; ; 
LAMBAYEQUE;CHICLAYO;OYOTUN;2;3; ;0; ; 
LAMBAYEQUE;CHICLAYO;PICSI; ; ; ; ; ; 
LAMBAYEQUE;CHICLAYO;PIMENTEL;44;2;3;0; ; 
LAMBAYEQUE;CHICLAYO;REQUE; ; ; ; ; ; 
LAMBAYEQUE;CHICLAYO;SANTA ROSA; ; ; ; ; ; 
LAMBAYEQUE;CHICLAYO;SANA;3;1;2;0; ; 
LAMBAYEQUE;CHICLAYO;CAYALTI;9;1;6;0; ; 
LAMBAYEQUE;CHICLAYO;PATAPO;4;1; ;0; ; 
LAMBAYEQUE;CHICLAYO;POMALCA;22;3;8;0; ; 
LAMBAYEQUE;CHICLAYO;PUCALA; ; ; ; ; ; 
LAMBAYEQUE;CHICLAYO;TUMAN;14;2;2;0; ; 
LAMBAYEQUE;FERRENAFE;FERRENAFE;10;3;3;0; ; 
LAMBAYEQUE;FERRENAFE;CANARIS; ; ; ; ; ; 
LAMBAYEQUE;FERRENAFE;INCAHUASI; ; ; ; ; ; 
LAMBAYEQUE;FERRENAFE;MANUEL ANTONIO MESONES MURO; ; ; ; ; ; 
LAMBAYEQUE;FERRENAFE;PITIPO;26;1;1;0; ; 
LAMBAYEQUE;FERRENAFE;PUEBLO NUEVO;3;1; ;0; ; 
LAMBAYEQUE;LAMBAYEQUE;LAMBAYEQUE;18;2;4;0; ; 
LAMBAYEQUE;LAMBAYEQUE;CHOCHOPE;2;0;1;0; ; 
LAMBAYEQUE;LAMBAYEQUE;ILLIMO; ; ; ; ; ; 
LAMBAYEQUE;LAMBAYEQUE;JAYANCA;6;0;2;0; ; 
LAMBAYEQUE;LAMBAYEQUE;MOCHUMI; ; ; ; ; ; 
LAMBAYEQUE;LAMBAYEQUE;MORROPE;28;3;5;0; ; 
LAMBAYEQUE;LAMBAYEQUE;MOTUPE;11;0;3;0; ; 
LAMBAYEQUE;LAMBAYEQUE;OLMOS;19;2;2;0; ; 
LAMBAYEQUE;LAMBAYEQUE;PACORA; ; ; ; ; ; 
LAMBAYEQUE;LAMBAYEQUE;SALAS;8;0;1;0; ; 
LAMBAYEQUE;LAMBAYEQUE;SAN JOSE; ; ; ; ; ; 
LAMBAYEQUE;LAMBAYEQUE;TUCUME;6;1;5;0; ; 
LIMA;LIMA;LIMA;1179;124;87;40; ;9
LIMA;LIMA;ANCON;30;2;6;1; ; 
LIMA;LIMA;ATE;528;71;43;0;14; 
LIMA;LIMA;BARRANCO;118;20;32;30; ; 
LIMA;LIMA;BRENA;75;8;7;10; ; 
LIMA;LIMA;CARABAYLLO;149;10;6;0; ; 
LIMA;LIMA;CHACLACAYO;31;3;5;2; ; 
LIMA;LIMA;CHORRILLOS;132;34;10;7; ; 
LIMA;LIMA;CIENEGUILLA;60;9;9;0; ; 
LIMA;LIMA;COMAS;190;38;3;8; ; 
LIMA;LIMA;EL AGUSTINO;85;8;40;0; ; 
LIMA;LIMA;INDEPENDENCIA;173;26;3;5; ; 
LIMA;LIMA;JESUS MARIA;427;24;22;30; ;7
LIMA;LIMA;LA MOLINA;363;27;27;0;2;1
LIMA;LIMA;LA VICTORIA;286;22;36;20; ; 
LIMA;LIMA;LINCE;258;15;18;20; ; 
LIMA;LIMA;LOS OLIVOS;263;42;40;0; ; 
LIMA;LIMA;LURIGANCHO;311;13;6;0; ; 
LIMA;LIMA;LURIN;543;21;20;0;4; 
LIMA;LIMA;MAGDALENA DEL MAR;196;12;9;6;2; 
LIMA;LIMA;PUEBLO LIBRE;198;12;22;41; ; 
LIMA;LIMA;MIRAFLORES;872;74;76;84; ;4
LIMA;LIMA;PACHACAMAC;123;18;10;1; ; 
LIMA;LIMA;PUCUSANA;30;1; ;0; ;1
LIMA;LIMA;PUENTE PIEDRA;576;32;9;0; ; 
LIMA;LIMA;PUNTA HERMOSA;88;3;7;6; ; 
LIMA;LIMA;PUNTA NEGRA;34;2;6;0; ; 
LIMA;LIMA;RIMAC;41;3;4;0; ; 
LIMA;LIMA;SAN BARTOLO;47;2;11;0; ; 
LIMA;LIMA;SAN BORJA;615;37;52;60; ; 
LIMA;LIMA;SAN ISIDRO;1116;44;47;200; ;24
LIMA;LIMA;SAN JUAN DE LURIGANCHO;199;31;50;0;4; 
LIMA;LIMA;SAN JUAN DE MIRAFLORES;152;22;20;8; ;20
LIMA;LIMA;SAN LUIS;37;9;19;12; ; 
LIMA;LIMA;SAN MARTIN DE PORRES;330;45;27;30; ;1
LIMA;LIMA;SAN MIGUEL;400;51;30;18;15; 
LIMA;LIMA;SANTA ANITA;131;19;18;0; ; 
LIMA;LIMA;SANTA MARIA DEL MAR;60;2;7;0; ; 
LIMA;LIMA;SANTA ROSA;41;4;4;0; ; 
LIMA;LIMA;SANTIAGO DE SURCO;1065;111;109;93;4;3
LIMA;LIMA;SURQUILLO;261;19;20;20; ; 
LIMA;LIMA;VILLA EL SALVADOR;149;30;21;0;2; 
LIMA;LIMA;VILLA MARIA DEL TRIUNFO;78;3;4;0; ; 
LIMA;BARRANCA;BARRANCA;69;8;12;0;2;1
LIMA;BARRANCA;PARAMONGA;17;1;7;0; ; 
LIMA;BARRANCA;PATIVILCA;11;1;3;6; ; 
LIMA;BARRANCA;SUPE;31;2;7;20; ; 
LIMA;BARRANCA;SUPE PUERTO;7;1;4;0; ; 
LIMA;CAJATAMBO;CAJATAMBO; ; ; ; ; ; 
LIMA;CAJATAMBO;COPA; ; ; ; ; ; 
LIMA;CAJATAMBO;GORGOR; ; ; ; ; ; 
LIMA;CAJATAMBO;HUANCAPON; ; ; ; ; ; 
LIMA;CAJATAMBO;MANAS; ; ; ; ; ; 
LIMA;CANTA;CANTA; ; ; ; ; ; 
LIMA;CANTA;ARAHUAY; ; ; ; ; ; 
LIMA;CANTA;HUAMANTANGA; ; ; ; ; ; 
LIMA;CANTA;HUAROS; ; ; ; ; ; 
LIMA;CANTA;LACHAQUI; ; ; ; ; ; 
LIMA;CANTA;SAN BUENAVENTURA; ; ; ; ; ; 
LIMA;CANTA;SANTA ROSA DE QUIVES;3;1;2;0; ; 
LIMA;CANETE;SAN VICENTE DE CANETE;76;10;19;0;2; 
LIMA;CANETE;ASIA;91;6;17;0; ; 
LIMA;CANETE;CALANGO; ; ; ; ; ; 
LIMA;CANETE;CERRO AZUL;30;3;10;0; ; 
LIMA;CANETE;CHILCA;32;3;3;0; ; 
LIMA;CANETE;COAYLLO; ; ; ; ; ; 
LIMA;CANETE;IMPERIAL;28;4;4;0; ; 
LIMA;CANETE;LUNAHUANA;8;2; ;2;2; 
LIMA;CANETE;MALA;19;5;22;0; ; 
LIMA;CANETE;NUEVO IMPERIAL;23;3;5;0; ; 
LIMA;CANETE;PACARAN; ; ; ; ; ; 
LIMA;CANETE;QUILMANA;17;2;4;0; ; 
LIMA;CANETE;SAN ANTONIO;19;4;4;4;2; 
LIMA;CANETE;SAN LUIS;11;2; ;0; ; 
LIMA;CANETE;SANTA CRUZ DE FLORES;8;1;6;0; ; 
LIMA;CANETE;ZUNIGA; ; ; ; ; ; 
LIMA;HUARAL;HUARAL;75;13;11;20;4; 
LIMA;HUARAL;ATAVILLOS ALTO; ; ; ; ; ; 
LIMA;HUARAL;ATAVILLOS BAJO; ; ; ; ; ; 
LIMA;HUARAL;AUCALLAMA;32;6;11;5;1; 
LIMA;HUARAL;CHANCAY;41;5;5;6; ; 
LIMA;HUARAL;IHUARI; ; ; ; ; ; 
LIMA;HUARAL;LAMPIAN; ; ; ; ; ; 
LIMA;HUARAL;PACARAOS; ; ; ; ; ; 
LIMA;HUARAL;SAN MIGUEL DE ACOS; ; ; ; ; ; 
LIMA;HUARAL;SANTA CRUZ DE ANDAMARCA; ; ; ; ; ; 
LIMA;HUARAL;SUMBILCA; ; ; ; ; ; 
LIMA;HUARAL;VEINTISIETE DE NOVIEMBRE;4;1;1;0; ; 
LIMA;HUAROCHIRI;MATUCANA;27;1;3;0; ; 
LIMA;HUAROCHIRI;ANTIOQUIA; ; ; ; ; ; 
LIMA;HUAROCHIRI;CALLAHUANCA;10;0; ;0; ; 
LIMA;HUAROCHIRI;CARAMPOMA;2;1; ;0; ; 
LIMA;HUAROCHIRI;CHICLA;15;2; ;0; ; 
LIMA;HUAROCHIRI;CUENCA; ; ; ; ; ; 
LIMA;HUAROCHIRI;HUACHUPAMPA; ; ; ; ; ; 
LIMA;HUAROCHIRI;HUANZA;3;0; ;0; ; 
LIMA;HUAROCHIRI;HUAROCHIRI; ; ; ; ; ; 
LIMA;HUAROCHIRI;LAHUAYTAMBO; ; ; ; ; ; 
LIMA;HUAROCHIRI;LANGA; ; ; ; ; ; 
LIMA;HUAROCHIRI;SAN PEDRO DE LARAOS;2;0; ;0; ; 
LIMA;HUAROCHIRI;MARIATANA; ; ; ; ; ; 
LIMA;HUAROCHIRI;RICARDO PALMA;30;3;3;3; ; 
LIMA;HUAROCHIRI;SAN ANDRES DE TUPICOCHA; ; ; ; ; ; 
LIMA;HUAROCHIRI;SAN ANTONIO;41;6;6;0; ; 
LIMA;HUAROCHIRI;SAN BARTOLOME;8;1;2;0; ; 
LIMA;HUAROCHIRI;SAN DAMIAN; ; ; ; ; ; 
LIMA;HUAROCHIRI;SAN JUAN DE IRIS;1;0; ;0; ; 
LIMA;HUAROCHIRI;SAN JUAN DE TANTARANCHE;2; ; ; ; ; 
LIMA;HUAROCHIRI;SAN LORENZO DE QUINTI; ; ; ; ; ; 
LIMA;HUAROCHIRI;SAN MATEO;7;0; ;0; ; 
LIMA;HUAROCHIRI;SAN MATEO DE OTAO;5;1; ;0; ; 
LIMA;HUAROCHIRI;SAN PEDRO DE CASTA;2;0; ;0; ; 
LIMA;HUAROCHIRI;SAN PEDRO DE HUANCAYRE; ; ; ; ; ; 
LIMA;HUAROCHIRI;SANGALLAYA;1;0;2;0; ; 
LIMA;HUAROCHIRI;SANTA CRUZ DE COCACHACRA;5;1; ;0; ; 
LIMA;HUAROCHIRI;SANTA EULALIA;43;1;3;10; ; 
LIMA;HUAROCHIRI;SANTIAGO DE ANCHUCAYA;2;0; ;0; ; 
LIMA;HUAROCHIRI;SANTIAGO DE TUNA; ; ; ; ; ; 
LIMA;HUAROCHIRI;SANTO DOMINGO DE LOS OLLEROS;22;1;5;5; ; 
LIMA;HUAROCHIRI;SURCO;7;1;2;0; ; 
LIMA;HUAURA;HUACHO;75;13;2;0; ; 
LIMA;HUAURA;AMBAR; ; ; ; ; ; 
LIMA;HUAURA;CALETA DE CARQUIN;7;2;2;0; ; 
LIMA;HUAURA;CHECRAS; ; ; ; ; ; 
LIMA;HUAURA;HUALMAY;16;4;4;4; ; 
LIMA;HUAURA;HUAURA;32;6;2;0; ; 
LIMA;HUAURA;LEONCIO PRADO; ; ; ; ; ; 
LIMA;HUAURA;PACCHO;2;0; ;0; ; 
LIMA;HUAURA;SANTA LEONOR; ; ; ; ; ; 
LIMA;HUAURA;SANTA MARIA;20;5;5;0; ; 
LIMA;HUAURA;SAYAN;35;3;3;0; ; 
LIMA;HUAURA;VEGUETA;12;1;4;0; ; 
LIMA;OYON;OYON;12;0; ;0; ; 
LIMA;OYON;ANDAJES;3;0;2;0;1; 
LIMA;OYON;CAUJUL; ; ; ; ; ; 
LIMA;OYON;COCHAMARCA; ; ; ; ; ; 
LIMA;OYON;NAVAN; ; ; ; ; ; 
LIMA;OYON;PACHANGARA;5;0;3;0; ; 
LIMA;YAUYOS;YAUYOS; ; ; ; ; ; 
LIMA;YAUYOS;ALIS; ; ; ; ; ; 
LIMA;YAUYOS;ALLAUCA;1;0; ;0; ; 
LIMA;YAUYOS;AYAVIRI;2;0; ;0; ; 
LIMA;YAUYOS;AZANGARO; ; ; ; ; ; 
LIMA;YAUYOS;CACRA; ; ; ; ; ; 
LIMA;YAUYOS;CARANIA; ; ; ; ; ; 
LIMA;YAUYOS;CATAHUASI; ; ; ; ; ; 
LIMA;YAUYOS;CHOCOS; ; ; ; ; ; 
LIMA;YAUYOS;COCHAS; ; ; ; ; ; 
LIMA;YAUYOS;COLONIA; ; ; ; ; ; 
LIMA;YAUYOS;HONGOS;1;0; ;1; ; 
LIMA;YAUYOS;HUAMPARA; ; ; ; ; ; 
LIMA;YAUYOS;HUANCAYA; ; ; ; ; ; 
LIMA;YAUYOS;HUANGASCAR; ; ; ; ; ; 
LIMA;YAUYOS;HUANTAN; ; ; ; ; ; 
LIMA;YAUYOS;HUANEC; ; ; ; ; ; 
LIMA;YAUYOS;LARAOS;7; ; ; ; ; 
LIMA;YAUYOS;LINCHA; ; ; ; ; ; 
LIMA;YAUYOS;MADEAN; ; ; ; ; ; 
LIMA;YAUYOS;MIRAFLORES; ; ; ; ; ; 
LIMA;YAUYOS;OMAS; ; ; ; ; ; 
LIMA;YAUYOS;PUTINZA; ; ; ; ; ; 
LIMA;YAUYOS;QUINCHES; ; ; ; ; ; 
LIMA;YAUYOS;QUINOCAY; ; ; ; ; ; 
LIMA;YAUYOS;SAN JOAQUIN;3;1; ;0; ;1
LIMA;YAUYOS;SAN PEDRO DE PILAS; ; ; ; ; ; 
LIMA;YAUYOS;TANTA;2;0; ;0; ; 
LIMA;YAUYOS;TAURIPAMPA; ; ; ; ; ; 
LIMA;YAUYOS;TOMAS; ; ; ; ; ; 
LIMA;YAUYOS;TUPE; ; ; ; ; ; 
LIMA;YAUYOS;VINAC; ; ; ; ; ; 
LIMA;YAUYOS;VITIS; ; ; ; ; ; 
LORETO;MAYNAS;IQUITOS;195;12;14;0; ; 
LORETO;MAYNAS;ALTO NANAY;6;0; ;0; ; 
LORETO;MAYNAS;FERNANDO LORES;15;0;2;0; ; 
LORETO;MAYNAS;INDIANA;9;0;3;0; ; 
LORETO;MAYNAS;LAS AMAZONAS; ; ; ; ; ; 
LORETO;MAYNAS;MAZAN;4;0;2;0; ; 
LORETO;MAYNAS;NAPO;10;0;1;0; ;2
LORETO;MAYNAS;PUNCHANA;72;3;6;0; ; 
LORETO;MAYNAS;TORRES CAUSANA; ; ; ; ; ; 
LORETO;MAYNAS;BELEN;20;1; ;0; ; 
LORETO;MAYNAS;SAN JUAN BAUTISTA;122;4;8;5; ; 
LORETO;ALTO AMAZONAS;YURIMAGUAS;30;1;3;0; ; 
LORETO;ALTO AMAZONAS;BALSAPUERTO;14;0; ;0; ;1
LORETO;ALTO AMAZONAS;JEBEROS;6; ; ; ; ; 
LORETO;ALTO AMAZONAS;LAGUNAS; ; ; ; ; ; 
LORETO;ALTO AMAZONAS;SANTA CRUZ;12; ; ; ; ; 
LORETO;ALTO AMAZONAS;TENIENTE CESAR LOPEZ ROJAS; ; ; ; ; ; 
LORETO;LORETO;NAUTA;12;0;3;0; ; 
LORETO;LORETO;PARINARI; ; ; ; ; ; 
LORETO;LORETO;TIGRE; ; ; ; ; ; 
LORETO;LORETO;TROMPETEROS;12;0;4;0; ; 
LORETO;LORETO;URARINAS;5;0; ;0; ; 
LORETO;MARISCAL RAMON CASTILLA;RAMON CASTILLA;9;1;8;0; ; 
LORETO;MARISCAL RAMON CASTILLA;PEBAS;9;0; ;0; ; 
LORETO;MARISCAL RAMON CASTILLA;YAVARI;12;0; ;3; ; 
LORETO;MARISCAL RAMON CASTILLA;SAN PABLO;9;0;3;0; ; 
LORETO;REQUENA;REQUENA;8;2;2;0; ; 
LORETO;REQUENA;ALTO TAPICHE;4;0; ;0; ; 
LORETO;REQUENA;CAPELO;10;0; ;0; ; 
LORETO;REQUENA;EMILIO SAN MARTIN;6; ; ; ; ; 
LORETO;REQUENA;MAQUIA; ; ; ; ; ; 
LORETO;REQUENA;PUINAHUA;5;0; ;0; ; 
LORETO;REQUENA;SAQUENA; ; ; ; ; ; 
LORETO;REQUENA;SOPLIN; ; ; ; ; ; 
LORETO;REQUENA;TAPICHE; ; ; ; ; ; 
LORETO;REQUENA;JENARO HERRERA; ; ; ; ; ; 
LORETO;REQUENA;YAQUERANA;1;0; ;0; ; 
LORETO;UCAYALI;CONTAMANA;26;0;4;0; ; 
LORETO;UCAYALI;INAHUAYA; ; ; ; ; ; 
LORETO;UCAYALI;PADRE MARQUEZ;8;0; ;0; ; 
LORETO;UCAYALI;PAMPA HERMOSA;8;0; ;0; ; 
LORETO;UCAYALI;SARAYACU;3; ; ; ; ; 
LORETO;UCAYALI;VARGAS GUERRA;16;0; ;0; ; 
LORETO;DATEM DEL MARANON;BARRANCA;6; ; ; ; ; 
LORETO;DATEM DEL MARANON;CAHUAPANAS; ; ; ; ; ; 
LORETO;DATEM DEL MARANON;MANSERICHE;5;0; ;0; ; 
LORETO;DATEM DEL MARANON;MORONA; ; ; ; ; ; 
LORETO;DATEM DEL MARANON;PASTAZA; ; ; ; ; ; 
LORETO;DATEM DEL MARANON;ANDOAS; ; ; ; ; ; 
LORETO;PUTUMAYO;PUTUMAYO;6;0;2;0; ; 
LORETO;PUTUMAYO;ROSA PANDURO; ; ; ; ; ; 
LORETO;PUTUMAYO;TENIENTE MANUEL CLAVERO; ; ; ; ; ; 
LORETO;PUTUMAYO;YAGUAS; ; ; ; ; ; 
MADRE DE DIOS;TAMBOPATA;TAMBOPATA;46;6;16;0; ; 
MADRE DE DIOS;TAMBOPATA;INAMBARI;8;1;1;0; ; 
MADRE DE DIOS;TAMBOPATA;LAS PIEDRAS;1;1;1;0; ; 
MADRE DE DIOS;TAMBOPATA;LABERINTO; ; ; ; ; ; 
MADRE DE DIOS;MANU;MANU; ; ; ; ; ; 
MADRE DE DIOS;MANU;FITZCARRALD; ; ; ; ; ; 
MADRE DE DIOS;MANU;MADRE DE DIOS;2;0;3;0; ; 
MADRE DE DIOS;MANU;HUEPETUHE;5;1;3;0; ; 
MADRE DE DIOS;TAHUAMANU;INAPARI;4;1;1;0; ; 
MADRE DE DIOS;TAHUAMANU;IBERIA;8;2;2;0; ;1
MADRE DE DIOS;TAHUAMANU;TAHUAMANU;3;0;1;0; ; 
MOQUEGUA;MARISCAL NIETO;MOQUEGUA;26;1;13;0; ; 
MOQUEGUA;MARISCAL NIETO;CARUMAS; ; ; ; ; ; 
MOQUEGUA;MARISCAL NIETO;CUCHUMBAYA; ; ; ; ; ; 
MOQUEGUA;MARISCAL NIETO;SAMEGUA; ; ; ; ; ; 
MOQUEGUA;MARISCAL NIETO;SAN CRISTOBAL; ; ; ; ; ; 
MOQUEGUA;MARISCAL NIETO;TORATA;6;1;4;5;1; 
MOQUEGUA;GENERAL SANCHEZ CERRO;OMATE; ; ; ; ; ; 
MOQUEGUA;GENERAL SANCHEZ CERRO;CHOJATA; ; ; ; ; ; 
MOQUEGUA;GENERAL SANCHEZ CERRO;COALAQUE; ; ; ; ; ; 
MOQUEGUA;GENERAL SANCHEZ CERRO;ICHUNA;9;1;2;0; ; 
MOQUEGUA;GENERAL SANCHEZ CERRO;LA CAPILLA; ; ; ; ; ; 
MOQUEGUA;GENERAL SANCHEZ CERRO;LLOQUE; ; ; ; ; ; 
MOQUEGUA;GENERAL SANCHEZ CERRO;MATALAQUE; ; ; ; ; ; 
MOQUEGUA;GENERAL SANCHEZ CERRO;PUQUINA; ; ; ; ; ; 
MOQUEGUA;GENERAL SANCHEZ CERRO;QUINISTAQUILLAS; ; ; ; ; ; 
MOQUEGUA;GENERAL SANCHEZ CERRO;UBINAS; ; ; ; ; ; 
MOQUEGUA;GENERAL SANCHEZ CERRO;YUNGA; ; ; ; ; ; 
MOQUEGUA;ILO;ILO;43;8;3;0; ; 
MOQUEGUA;ILO;EL ALGARROBAL; ; ; ; ; ; 
MOQUEGUA;ILO;PACOCHA;15;3;4;10; ; 
PASCO;PASCO;CHAUPIMARCA;26;4;4;4;2; 
PASCO;PASCO;HUACHON;6;0;3;0; ; 
PASCO;PASCO;HUARIACA;7;1;3;0; ; 
PASCO;PASCO;HUAYLLAY;15;2;1;0; ; 
PASCO;PASCO;NINACACA;6;2;2;0; ; 
PASCO;PASCO;PALLANCHACRA;7;0; ;0; ; 
PASCO;PASCO;PAUCARTAMBO;12;1;3;3; ; 
PASCO;PASCO;SAN FRANCISCO DE ASIS DE YARUSYACAN;4;0; ;0; ; 
PASCO;PASCO;SIMON BOLIVAR;6;3; ;0; ; 
PASCO;PASCO;TICLACAYAN;12;1; ;0; ; 
PASCO;PASCO;TINYAHUARCO; ; ; ; ; ; 
PASCO;PASCO;VICCO; ; ; ; ; ; 
PASCO;PASCO;YANACANCHA;26;3;2;0; ; 
PASCO;DANIEL ALCIDES CARRION;YANAHUANCA;12;1;3;0; ; 
PASCO;DANIEL ALCIDES CARRION;CHACAYAN;2;0; ;0; ; 
PASCO;DANIEL ALCIDES CARRION;GOYLLARISQUIZGA; ; ; ; ; ; 
PASCO;DANIEL ALCIDES CARRION;PAUCAR;2;1;1;0; ; 
PASCO;DANIEL ALCIDES CARRION;SAN PEDRO DE PILLAO; ; ; ; ; ; 
PASCO;DANIEL ALCIDES CARRION;SANTA ANA DE TUSI;6;0;1;0; ; 
PASCO;DANIEL ALCIDES CARRION;TAPUC;3;1;1;0; ; 
PASCO;DANIEL ALCIDES CARRION;VILCABAMBA;2;1; ;0; ; 
PASCO;OXAPAMPA;OXAPAMPA;15;6;4;0; ; 
PASCO;OXAPAMPA;CHONTABAMBA;5;1;3;0; ; 
PASCO;OXAPAMPA;HUANCABAMBA;7;1;1;0; ; 
PASCO;OXAPAMPA;PALCAZU;5;0;2;0; ; 
PASCO;OXAPAMPA;POZUZO;6;0;2;0; ; 
PASCO;OXAPAMPA;PUERTO BERMUDEZ;20;1;4;8; ; 
PASCO;OXAPAMPA;VILLA RICA;13;1; ;0; ; 
PASCO;OXAPAMPA;CONSTITUCION;10;1;3;0; ;1
PIURA;PIURA;PIURA;97;6;3;0; ; 
PIURA;PIURA;CASTILLA;60;8;12;0; ; 
PIURA;PIURA;CATACAOS;30;2;8;0; ; 
PIURA;PIURA;CURA MORI;10;2;1;0; ; 
PIURA;PIURA;EL TALLAN;10;2;4;0; ; 
PIURA;PIURA;LA ARENA;16;2; ;0; ;2
PIURA;PIURA;LA UNION;19;4;3;0; ; 
PIURA;PIURA;LAS LOMAS;17;2;2;0; ; 
PIURA;PIURA;TAMBO GRANDE;36;6;7;0; ; 
PIURA;PIURA;VEINTISEIS DE OCTUBRE;73;2;12;0; ; 
PIURA;AYABACA;AYABACA;10;1;2;0; ; 
PIURA;AYABACA;FRIAS; ; ; ; ; ; 
PIURA;AYABACA;JILILI; ; ; ; ; ; 
PIURA;AYABACA;LAGUNAS; ; ; ; ; ; 
PIURA;AYABACA;MONTERO; ; ; ; ; ; 
PIURA;AYABACA;PACAIPAMPA;16;1; ;0; ; 
PIURA;AYABACA;PAIMAS; ; ; ; ; ; 
PIURA;AYABACA;SAPILLICA;6;0;2;0; ; 
PIURA;AYABACA;SICCHEZ; ; ; ; ; ; 
PIURA;AYABACA;SUYO;40;2;2;0; ; 
PIURA;HUANCABAMBA;HUANCABAMBA;7;0; ;0; ; 
PIURA;HUANCABAMBA;CANCHAQUE; ; ; ; ; ; 
PIURA;HUANCABAMBA;EL CARMEN DE LA FRONTERA; ; ; ; ; ; 
PIURA;HUANCABAMBA;HUARMACA; ; ; ; ; ; 
PIURA;HUANCABAMBA;LALAQUIZ; ; ; ; ; ; 
PIURA;HUANCABAMBA;SAN MIGUEL DE EL FAIQUE; ; ; ; ; ; 
PIURA;HUANCABAMBA;SONDOR; ; ; ; ; ; 
PIURA;HUANCABAMBA;SONDORILLO; ; ; ; ; ; 
PIURA;MORROPON;CHULUCANAS;20;7;8;18; ; 
PIURA;MORROPON;BUENOS AIRES; ; ; ; ; ; 
PIURA;MORROPON;CHALACO;5;1; ;0; ; 
PIURA;MORROPON;LA MATANZA;15;2;1;0; ; 
PIURA;MORROPON;MORROPON;8;1;2;0; ; 
PIURA;MORROPON;SALITRAL;10;1;1;0; ; 
PIURA;MORROPON;SAN JUAN DE BIGOTE;14;2;2;0; ; 
PIURA;MORROPON;SANTA CATALINA DE MOSSA; ; ; ; ; ; 
PIURA;MORROPON;SANTO DOMINGO; ; ; ; ; ; 
PIURA;MORROPON;YAMANGO; ; ; ; ; ; 
PIURA;PAITA;PAITA;48;5;7;0; ; 
PIURA;PAITA;AMOTAPE;10;0;2;0; ; 
PIURA;PAITA;ARENAL;38;1; ;0; ; 
PIURA;PAITA;COLAN;20;2;1;0; ; 
PIURA;PAITA;LA HUACA;5;1;2;0; ; 
PIURA;PAITA;TAMARINDO;7;1;2;0; ; 
PIURA;PAITA;VICHAYAL;11;1;2;0; ; 
PIURA;SULLANA;SULLANA;97;4;13;0; ; 
PIURA;SULLANA;BELLAVISTA;30;3; ;0; ; 
PIURA;SULLANA;IGNACIO ESCUDERO;9;2; ;0; ; 
PIURA;SULLANA;LANCONES; ; ; ; ; ; 
PIURA;SULLANA;MARCAVELICA;15;1; ;0; ; 
PIURA;SULLANA;MIGUEL CHECA;8;1; ;0; ; 
PIURA;SULLANA;QUERECOTILLO;12;1;3;0; ; 
PIURA;SULLANA;SALITRAL;2;1; ;0; ; 
PIURA;TALARA;PARINAS;121;14;9;0; ; 
PIURA;TALARA;EL ALTO;28;2;5;0;1; 
PIURA;TALARA;LA BREA;28;2;1;0; ; 
PIURA;TALARA;LOBITOS;130;0;3;0; ; 
PIURA;TALARA;LOS ORGANOS;4;1;4;0; ; 
PIURA;TALARA;MANCORA;60;2;4;0;2;1
PIURA;SECHURA;SECHURA;56;3;8;0; ;1
PIURA;SECHURA;BELLAVISTA DE LA UNION; ; ; ; ; ; 
PIURA;SECHURA;BERNAL;5;1;1;0; ; 
PIURA;SECHURA;CRISTO NOS VALGA;5;1; ;0; ; 
PIURA;SECHURA;VICE;6;1;2;0; ; 
PIURA;SECHURA;RINCONADA LLICUAR;2;0;2;0; ; 
PUNO;PUNO;PUNO;81;10;15;0; ; 
PUNO;PUNO;ACORA;6;1;3;0; ; 
PUNO;PUNO;AMANTANI;2;0; ;0; ; 
PUNO;PUNO;ATUNCOLLA;3;0;2;0; ; 
PUNO;PUNO;CAPACHICA;6;0;2;0; ; 
PUNO;PUNO;CHUCUITO;3;1; ;0; ; 
PUNO;PUNO;COATA;10;0; ;0; ; 
PUNO;PUNO;HUATA;4;0;4;0; ; 
PUNO;PUNO;MANAZO;9;0; ;0; ; 
PUNO;PUNO;PAUCARCOLLA;1;0;1;0; ; 
PUNO;PUNO;PICHACANI;1;0; ;0; ; 
PUNO;PUNO;PLATERIA;2;0; ;0; ; 
PUNO;PUNO;SAN ANTONIO;2;0; ;0; ; 
PUNO;PUNO;TIQUILLACA;2; ; ; ; ; 
PUNO;PUNO;VILQUE;4;0; ;0; ; 
PUNO;AZANGARO;AZANGARO;27;1;7;0; ; 
PUNO;AZANGARO;ACHAYA; ; ; ; ; ; 
PUNO;AZANGARO;ARAPA;2;0; ;0; ; 
PUNO;AZANGARO;ASILLO;8;0;3;0; ; 
PUNO;AZANGARO;CAMINACA;3;0; ;0; ; 
PUNO;AZANGARO;CHUPA;4;0; ;0; ; 
PUNO;AZANGARO;JOSE DOMINGO CHOQUEHUANCA;3;0; ;0; ; 
PUNO;AZANGARO;MUNANI;11;0;1;0; ; 
PUNO;AZANGARO;POTONI;4;0; ;0; ; 
PUNO;AZANGARO;SAMAN;7;0; ;0; ; 
PUNO;AZANGARO;SAN ANTON;6;0; ;0; ; 
PUNO;AZANGARO;SAN JOSE;4;0; ;0; ; 
PUNO;AZANGARO;SAN JUAN DE SALINAS;3;0;1;0; ; 
PUNO;AZANGARO;SANTIAGO DE PUPUJA;5;1;1;0; ; 
PUNO;AZANGARO;TIRAPATA;1;0;1;0; ; 
PUNO;CARABAYA;MACUSANI;25;2;2;0; ; 
PUNO;CARABAYA;AJOYANI;5;0;2;0; ; 
PUNO;CARABAYA;AYAPATA;16;0;1;0; ; 
PUNO;CARABAYA;COASA;16;0; ;0; ; 
PUNO;CARABAYA;CORANI;16;0; ;0; ; 
PUNO;CARABAYA;CRUCERO;4;0;4;0; ; 
PUNO;CARABAYA;ITUATA;6;0;1;0; ; 
PUNO;CARABAYA;OLLACHEA;10;0;3;0; ; 
PUNO;CARABAYA;SAN GABAN;2;0;4;0; ; 
PUNO;CARABAYA;USICAYOS;28;0;3;0; ; 
PUNO;CHUCUITO;JULI;8;1;1;0; ; 
PUNO;CHUCUITO;DESAGUADERO;10;0; ;0; ; 
PUNO;CHUCUITO;HUACULLANI;6;0; ;0; ; 
PUNO;CHUCUITO;KELLUYO;14;0;3;0; ; 
PUNO;CHUCUITO;PISACOMA;8;0;1;0; ; 
PUNO;CHUCUITO;POMATA;8;2;2;0; ; 
PUNO;CHUCUITO;ZEPITA;8;2; ;0; ; 
PUNO;EL COLLAO;ILAVE;44;2;10;0; ; 
PUNO;EL COLLAO;CAPAZO;2;0; ;0; ; 
PUNO;EL COLLAO;PILCUYO;1;0; ;0; ; 
PUNO;EL COLLAO;SANTA ROSA;9;0;2;0; ; 
PUNO;EL COLLAO;CONDURIRI;6;0; ;0; ; 
PUNO;HUANCANE;HUANCANE;14;1;3;0; ; 
PUNO;HUANCANE;COJATA;4;0; ;0; ; 
PUNO;HUANCANE;HUATASANI;2;0; ;0; ; 
PUNO;HUANCANE;INCHUPALLA;2;0; ;0; ; 
PUNO;HUANCANE;PUSI; ; ; ; ; ; 
PUNO;HUANCANE;ROSASPATA; ; ; ; ; ; 
PUNO;HUANCANE;TARACO;5;0; ;0; ; 
PUNO;HUANCANE;VILQUE CHICO;2;0; ;0; ; 
PUNO;LAMPA;LAMPA;9;0;10;0; ; 
PUNO;LAMPA;CABANILLA;4;1; ;0; ; 
PUNO;LAMPA;CALAPUJA;1;1; ;0; ; 
PUNO;LAMPA;NICASIO;2;0; ;0; ; 
PUNO;LAMPA;OCUVIRI;2;1; ;0; ; 
PUNO;LAMPA;PALCA;2;0; ;0; ; 
PUNO;LAMPA;PARATIA;2;0;1;0; ; 
PUNO;LAMPA;PUCARA;2;0; ;0; ; 
PUNO;LAMPA;SANTA LUCIA;6;0;2;0; ; 
PUNO;LAMPA;VILAVILA;2;0;1;0; ; 
PUNO;MELGAR;AYAVIRI;24;2;4;0; ; 
PUNO;MELGAR;ANTAUTA;4;0; ;0; ; 
PUNO;MELGAR;CUPI; ; ; ; ; ; 
PUNO;MELGAR;LLALLI; ; ; ; ; ; 
PUNO;MELGAR;MACARI;5;1; ;0; ; 
PUNO;MELGAR;NUNOA;6;1;1;0; ; 
PUNO;MELGAR;ORURILLO;5;0;1;0; ; 
PUNO;MELGAR;SANTA ROSA;4;0;2;0; ; 
PUNO;MELGAR;UMACHIRI;6;0; ;0; ; 
PUNO;MOHO;MOHO;9;1; ;0; ; 
PUNO;MOHO;CONIMA; ; ; ; ; ; 
PUNO;MOHO;HUAYRAPATA;3;0;1;0; ; 
PUNO;MOHO;TILALI;2;0; ;0; ; 
PUNO;SAN ANTONIO DE PUTINA;PUTINA;21;2;5;0; ; 
PUNO;SAN ANTONIO DE PUTINA;ANANEA;34;1;1;0; ; 
PUNO;SAN ANTONIO DE PUTINA;PEDRO VILCA APAZA;5;0;1;0; ; 
PUNO;SAN ANTONIO DE PUTINA;QUILCAPUNCU;6;0; ;2; ; 
PUNO;SAN ANTONIO DE PUTINA;SINA;1;0;1;0; ; 
PUNO;SAN ROMAN;JULIACA;135;14;6;0; ; 
PUNO;SAN ROMAN;CABANA;4;1; ;0; ; 
PUNO;SAN ROMAN;CABANILLAS;4;1; ;0; ; 
PUNO;SAN ROMAN;CARACOTO;2;0;2;0; ; 
PUNO;SAN ROMAN;SAN MIGUEL;41;2;8;0; ; 
PUNO;SANDIA;SANDIA;16;1; ;0; ; 
PUNO;SANDIA;CUYOCUYO;4;0; ;0; ; 
PUNO;SANDIA;LIMBANI;2;0;1;0; ; 
PUNO;SANDIA;PATAMBUCO; ; ; ; ; ; 
PUNO;SANDIA;PHARA;3;1; ;0; ; 
PUNO;SANDIA;QUIACA; ; ; ; ; ; 
PUNO;SANDIA;SAN JUAN DEL ORO;4;0; ;0; ; 
PUNO;SANDIA;YANAHUAYA;2;0; ;1; ; 
PUNO;SANDIA;ALTO INAMBARI;4; ; ; ; ; 
PUNO;SANDIA;SAN PEDRO DE PUTINA PUNCO;4;0; ;0; ; 
PUNO;YUNGUYO;YUNGUYO;14;1;2;11; ; 
PUNO;YUNGUYO;ANAPIA;3;0; ;0; ; 
PUNO;YUNGUYO;COPANI;2;0; ;0; ; 
PUNO;YUNGUYO;CUTURAPI;2;0; ;0; ; 
PUNO;YUNGUYO;OLLARAYA;1;0;2;0; ; 
PUNO;YUNGUYO;TINICACHI;1;0; ;1; ; 
PUNO;YUNGUYO;UNICACHI;3;1; ;0; ; 
SAN MARTIN;MOYOBAMBA;MOYOBAMBA;46;3; ;0; ; 
SAN MARTIN;MOYOBAMBA;CALZADA; ; ; ; ; ; 
SAN MARTIN;MOYOBAMBA;HABANA; ; ; ; ; ; 
SAN MARTIN;MOYOBAMBA;JEPELACIO; ; ; ; ; ; 
SAN MARTIN;MOYOBAMBA;SORITOR;13;2;13;0; ; 
SAN MARTIN;MOYOBAMBA;YANTALO; ; ; ; ; ; 
SAN MARTIN;BELLAVISTA;BELLAVISTA; ; ; ; ; ; 
SAN MARTIN;BELLAVISTA;ALTO BIAVO; ; ; ; ; ; 
SAN MARTIN;BELLAVISTA;BAJO BIAVO; ; ; ; ; ; 
SAN MARTIN;BELLAVISTA;HUALLAGA; ; ; ; ; ; 
SAN MARTIN;BELLAVISTA;SAN PABLO; ; ; ; ; ; 
SAN MARTIN;BELLAVISTA;SAN RAFAEL; ; ; ; ; ; 
SAN MARTIN;EL DORADO;SAN JOSE DE SISA; ; ; ; ; ; 
SAN MARTIN;EL DORADO;AGUA BLANCA; ; ; ; ; ; 
SAN MARTIN;EL DORADO;SAN MARTIN; ; ; ; ; ; 
SAN MARTIN;EL DORADO;SANTA ROSA; ; ; ; ; ; 
SAN MARTIN;EL DORADO;SHATOJA; ; ; ; ; ; 
SAN MARTIN;HUALLAGA;SAPOSOA;5;1;3;0; ;2
SAN MARTIN;HUALLAGA;ALTO SAPOSOA; ; ; ; ; ; 
SAN MARTIN;HUALLAGA;EL ESLABON; ; ; ; ; ; 
SAN MARTIN;HUALLAGA;PISCOYACU; ; ; ; ; ; 
SAN MARTIN;HUALLAGA;SACANCHE; ; ; ; ; ; 
SAN MARTIN;HUALLAGA;TINGO DE SAPOSOA; ; ; ; ; ; 
SAN MARTIN;LAMAS;LAMAS; ; ; ; ; ; 
SAN MARTIN;LAMAS;ALONSO DE ALVARADO; ; ; ; ; ; 
SAN MARTIN;LAMAS;BARRANQUITA; ; ; ; ; ; 
SAN MARTIN;LAMAS;CAYNARACHI; ; ; ; ; ; 
SAN MARTIN;LAMAS;CUNUMBUQUI; ; ; ; ; ; 
SAN MARTIN;LAMAS;PINTO RECODO; ; ; ; ; ; 
SAN MARTIN;LAMAS;RUMISAPA; ; ; ; ; ; 
SAN MARTIN;LAMAS;SAN ROQUE DE CUMBAZA; ; ; ; ; ; 
SAN MARTIN;LAMAS;SHANAO; ; ; ; ; ; 
SAN MARTIN;LAMAS;TABALOSOS;6;1; ;0; ; 
SAN MARTIN;LAMAS;ZAPATERO; ; ; ; ; ; 
SAN MARTIN;MARISCAL CACERES;JUANJUI;21;2;4;0; ; 
SAN MARTIN;MARISCAL CACERES;CAMPANILLA; ; ; ; ; ; 
SAN MARTIN;MARISCAL CACERES;HUICUNGO; ; ; ; ; ; 
SAN MARTIN;MARISCAL CACERES;PACHIZA; ; ; ; ; ; 
SAN MARTIN;MARISCAL CACERES;PAJARILLO; ; ; ; ; ; 
SAN MARTIN;PICOTA;PICOTA;10;1;1;0; ; 
SAN MARTIN;PICOTA;BUENOS AIRES; ; ; ; ; ; 
SAN MARTIN;PICOTA;CASPISAPA; ; ; ; ; ; 
SAN MARTIN;PICOTA;PILLUANA;1;0; ;0; ; 
SAN MARTIN;PICOTA;PUCACACA;6; ; ; ; ; 
SAN MARTIN;PICOTA;SAN CRISTOBAL; ; ; ; ; ; 
SAN MARTIN;PICOTA;SAN HILARION; ; ; ; ; ; 
SAN MARTIN;PICOTA;SHAMBOYACU;8;0; ;0; ; 
SAN MARTIN;PICOTA;TINGO DE PONASA; ; ; ; ; ; 
SAN MARTIN;PICOTA;TRES UNIDOS; ; ; ; ; ; 
SAN MARTIN;RIOJA;RIOJA;20;2;5;0; ; 
SAN MARTIN;RIOJA;AWAJUN;12;1; ;0; ; 
SAN MARTIN;RIOJA;ELIAS SOPLIN VARGAS; ; ; ; ; ; 
SAN MARTIN;RIOJA;NUEVA CAJAMARCA;15;1;3;0; ; 
SAN MARTIN;RIOJA;PARDO MIGUEL;18;1;2;0; ; 
SAN MARTIN;RIOJA;POSIC; ; ; ; ; ; 
SAN MARTIN;RIOJA;SAN FERNANDO; ; ; ; ; ; 
SAN MARTIN;RIOJA;YORONGOS; ; ; ; ; ; 
SAN MARTIN;RIOJA;YURACYACU; ; ; ; ; ; 
SAN MARTIN;SAN MARTIN;TARAPOTO;33;4;6;0; ; 
SAN MARTIN;SAN MARTIN;ALBERTO LEVEAU; ; ; ; ; ; 
SAN MARTIN;SAN MARTIN;CACATACHI; ; ; ; ; ; 
SAN MARTIN;SAN MARTIN;CHAZUTA; ; ; ; ; ; 
SAN MARTIN;SAN MARTIN;CHIPURANA; ; ; ; ; ; 
SAN MARTIN;SAN MARTIN;EL PORVENIR; ; ; ; ; ; 
SAN MARTIN;SAN MARTIN;HUIMBAYOC;4;0; ;0; ; 
SAN MARTIN;SAN MARTIN;JUAN GUERRA; ; ; ; ; ; 
SAN MARTIN;SAN MARTIN;LA BANDA DE SHILCAYO;21;1;7;0; ; 
SAN MARTIN;SAN MARTIN;MORALES;15;0;2;0; ;3
SAN MARTIN;SAN MARTIN;PAPAPLAYA; ; ; ; ; ; 
SAN MARTIN;SAN MARTIN;SAN ANTONIO; ; ; ; ; ; 
SAN MARTIN;SAN MARTIN;SAUCE;1; ; ; ; ; 
SAN MARTIN;SAN MARTIN;SHAPAJA; ; ; ; ; ; 
SAN MARTIN;TOCACHE;TOCACHE;14;1;6;0; ; 
SAN MARTIN;TOCACHE;NUEVO PROGRESO; ; ; ; ; ; 
SAN MARTIN;TOCACHE;POLVORA; ; ; ; ; ; 
SAN MARTIN;TOCACHE;SHUNTE; ; ; ; ; ; 
SAN MARTIN;TOCACHE;UCHIZA;2;0;2;0; ; 
TACNA;TACNA;TACNA;115;12;15;0;6;8
TACNA;TACNA;ALTO DE LA ALIANZA;31;2;8;0; ; 
TACNA;TACNA;CALANA;8;2;3;0; ; 
TACNA;TACNA;CIUDAD NUEVA;31;4;12;0; ; 
TACNA;TACNA;INCLAN;6;2;6;0; ; 
TACNA;TACNA;PACHIA;6;1;3;0; ; 
TACNA;TACNA;PALCA;9;1;6;0; ; 
TACNA;TACNA;POCOLLAY;25;3;6;0; ; 
TACNA;TACNA;SAMA;10;1;5;0; ; 
TACNA;TACNA;CORONEL GREGORIO ALBARRACIN LANCHIPA;65;6;7;0; ; 
TACNA;TACNA;LA YARADA LOS PALOS;15;2;8;0; ; 
TACNA;CANDARAVE;CANDARAVE; ; ; ; ; ; 
TACNA;CANDARAVE;CAIRANI; ; ; ; ; ; 
TACNA;CANDARAVE;CAMILACA;4;0; ;0; ; 
TACNA;CANDARAVE;CURIBAYA; ; ;2;0; ; 
TACNA;CANDARAVE;HUANUARA; ; ; ; ; ; 
TACNA;CANDARAVE;QUILAHUANI; ; ; ; ; ; 
TACNA;JORGE BASADRE;LOCUMBA;9;2;8;0;1; 
TACNA;JORGE BASADRE;ILABAYA;5;2;6;0; ; 
TACNA;JORGE BASADRE;ITE;10;2;6;0; ; 
TACNA;TARATA;TARATA;4;1;1;0; ; 
TACNA;TARATA;HEROES ALBARRACIN; ; ; ; ; ; 
TACNA;TARATA;ESTIQUE; ; ; ; ; ; 
TACNA;TARATA;ESTIQUE-PAMPA; ; ; ; ; ; 
TACNA;TARATA;SITAJARA;1; ; ; ; ; 
TACNA;TARATA;SUSAPAYA; ; ; ; ; ; 
TACNA;TARATA;TARUCACHI;2;0;1;0; ; 
TACNA;TARATA;TICACO;4;1; ;0; ; 
TUMBES;TUMBES;TUMBES;51;11;15;0;1; 
TUMBES;TUMBES;CORRALES;17;2;4;0; ; 
TUMBES;TUMBES;LA CRUZ;16;0;4;0; ; 
TUMBES;TUMBES;PAMPAS DE HOSPITAL;8;0;5;0; ; 
TUMBES;TUMBES;SAN JACINTO; ; ; ; ; ; 
TUMBES;TUMBES;SAN JUAN DE LA VIRGEN;5;0;3;0; ; 
TUMBES;CONTRALMIRANTE VILLAR;ZORRITOS;21;2;6;0; ;5
TUMBES;CONTRALMIRANTE VILLAR;CASITAS;13;0;2;0; ; 
TUMBES;CONTRALMIRANTE VILLAR;CANOAS DE PUNTA SAL;31;2; ;0;2; 
TUMBES;ZARUMILLA;ZARUMILLA;34;4;4;0;1; 
TUMBES;ZARUMILLA;AGUAS VERDES;27;3;10;0; ; 
TUMBES;ZARUMILLA;MATAPALO;3;1;1;0; ; 
TUMBES;ZARUMILLA;PAPAYAL; ; ; ; ; ; 
UCAYALI;CORONEL PORTILLO;CALLERIA;62;8; ;0; ; 
UCAYALI;CORONEL PORTILLO;CAMPOVERDE;12;2;4;0; ; 
UCAYALI;CORONEL PORTILLO;IPARIA;12;1;3;0; ; 
UCAYALI;CORONEL PORTILLO;MASISEA;5;1;1;0; ; 
UCAYALI;CORONEL PORTILLO;YARINACOCHA;73;2;20;0; ; 
UCAYALI;CORONEL PORTILLO;NUEVA REQUENA;3; ; ; ; ; 
UCAYALI;CORONEL PORTILLO;MANANTAY;39;5;7;0; ;2
UCAYALI;ATALAYA;RAIMONDI;19;1;3;0; ;2
UCAYALI;ATALAYA;SEPAHUA;9;1;2;0; ;2
UCAYALI;ATALAYA;TAHUANIA;9;0; ;0; ; 
UCAYALI;ATALAYA;YURUA;6;0; ;0; ; 
UCAYALI;PADRE ABAD;PADRE ABAD;23;1;5;0; ; 
UCAYALI;PADRE ABAD;IRAZOLA;12;1;2;0; ; 
UCAYALI;PADRE ABAD;CURIMANA;4;0; ;0; ; 
UCAYALI;PADRE ABAD;NESHUYA;6;0; ;0; ; 
UCAYALI;PADRE ABAD;ALEXANDER VON HUMBOLDT;5;0;2;0; ; 
UCAYALI;PURUS;PURUS; ; ; ; ; ; 
